<?xml version="1.0" encoding="UTF-8"?>
<kml xmlns="http://www.opengis.net/kml/2.2" xmlns:gx="http://www.google.com/kml/ext/2.2">
<Document>
  <!-- Begin Style Definitions -->
  <Style id="line1">
    <LineStyle>
      <color>55FFFFFF</color>
      <width>1</width>
    </LineStyle>
  </Style>
  <Folder>
    <name>Line Features</name>
    <description>Line Features</description>
    <Placemark>
      <description>Unknown Line Type</description>
      <styleUrl>#line1</styleUrl>
      <LineString>
        <coordinates>
          113.5519955947,22.1201403192,0
          113.5307525240,22.1599909628,0
        </coordinates>
      </LineString>
    </Placemark>
    <Placemark>
      <description>Unknown Line Type</description>
      <styleUrl>#line1</styleUrl>
      <LineString>
        <coordinates>
          113.5355356585,22.2036591082,0
          113.5519046317,22.2128618313,0
        </coordinates>
      </LineString>
    </Placemark>
    <Placemark>
      <description>Unknown Line Type</description>
      <styleUrl>#line1</styleUrl>
      <LineString>
        <coordinates>
          105.5111812878,23.2122929105,0
          105.5128247888,23.2161342800,0
          105.5290455558,23.2540259035,0
          105.6485344346,23.4112427564,0
          105.8283995535,23.5374892281,0
          105.8828557248,23.5410685539,0
          105.9096264163,23.5325501586,0
          105.9307287995,23.5258293912,0
          105.9653210760,23.5148008638,0
          105.9841370753,23.4959226888,0
          105.9867597871,23.4865151359,0
          105.9927954302,23.4648559492,0
          106.0683663410,23.5140552012,0
          106.1116057769,23.5623078797,0
          106.1229945606,23.5820139054,0
          106.1723571832,23.8867310438,0
          106.0909389697,24.0397523887,0
          106.0276348131,24.1234054380,0
          105.9868320057,24.1411723893,0
          105.8935989114,24.1497195180,0
          105.7647642780,24.0854578176,0
          105.6454997194,24.0634421431,0
          105.4748439708,24.0512104358,0
          105.2711918692,24.0798512206,0
          105.1801263946,24.1618278461,0
          105.1851871633,24.1761156448,0
          105.2015792515,24.1889720112,0
          105.2399721396,24.1995646107,0
          105.2463898990,24.2151009130,0
          105.1867198982,24.3438320848,0
          105.0822432898,24.4368684767,0
          105.0578374733,24.4438122798,0
          104.7669646301,24.4663159219,0
          104.7073904599,24.4406907566,0
          104.7008205131,24.4101945595,0
          104.7126631288,24.3664909250,0
          104.7109504722,24.3350855897,0
          104.6999598511,24.3319198454,0
          104.6718732061,24.3437695820,0
          104.5916081776,24.3909580602,0
          104.4980033637,24.5793959523,0
          104.4740660612,24.6563558574,0
          104.5270107484,24.7368858996,0
        </coordinates>
      </LineString>
    </Placemark>
    <Placemark>
      <description>Unknown Line Type</description>
      <styleUrl>#line1</styleUrl>
      <LineString>
        <coordinates>
          112.0144764637,24.7462130240,0
          111.9588245467,24.7254041659,0
          111.9252958843,24.6365144381,0
          111.9317773932,24.6042701197,0
          111.9820608753,24.5680535924,0
          111.9914390140,24.5532433576,0
          112.0554609051,24.3812044309,0
          112.0505292673,24.3425460849,0
          111.9448614642,23.9847011694,0
          111.9307696795,23.9654092601,0
          111.7990423693,23.8304973758,0
          111.6998913867,23.8263829137,0
          111.3962614245,23.4611392050,0
          111.3794092146,23.4044394948,0
          111.3567303813,23.3280040787,0
          111.3533238060,23.3165097097,0
          111.3753382048,23.0936893879,0
          111.3887077202,23.0813865808,0
          111.4159862660,23.0723815230,0
          111.4243954191,23.0575853961,0
          111.3664745307,22.9313778008,0
          111.2231139630,22.7880015045,0
          111.0522634912,22.6650714881,0
          110.8912859171,22.6001391399,0
          110.7225285365,22.3759957829,0
          110.7102374044,22.2829796480,0
          110.6507054485,22.2032543326,0
          110.6304305152,22.1845673950,0
          110.3601991388,22.0353648106,0
          110.1404266645,21.9151638192,0
          110.0020258057,21.8868889738,0
          109.9831504847,21.8828001942,0
          109.9564017526,21.8665773851,0
          109.7635188870,21.6808845058,0
          109.7574226123,21.6697089473,0
          109.7438854979,21.6448805116,0
          109.7455531520,21.5863271143,0
          109.7502811764,21.5782662272,0
        </coordinates>
      </LineString>
    </Placemark>
    <Placemark>
      <description>Unknown Line Type</description>
      <styleUrl>#line1</styleUrl>
      <LineString>
        <coordinates>
          117.1684001701,23.6286219890,0
          117.1124910722,23.6455054641,0
          117.0610562176,23.6832215677,0
          117.0322208297,23.7327491850,0
          116.9565738977,23.8841900078,0
          116.9591342188,24.0693181224,0
          116.9742956177,24.1213434625,0
          116.9993239724,24.1579889475,0
          117.0108565541,24.1748613796,0
          117.0135462572,24.1933869281,0
          116.8366364354,24.6763925229,0
          116.8066102875,24.6909323216,0
          116.7720070844,24.6862065705,0
          116.6314714017,24.6586537408,0
          116.5433858857,24.6263587335,0
          116.5180685033,24.6281777444,0
          116.5046235185,24.6373125749,0
          116.4158153673,24.7891993118,0
          116.3954102948,24.8472969764,0
          116.1798932356,24.8930980712,0
          115.9224963601,24.9324002558,0
          115.8666420359,24.9348447993,0
        </coordinates>
      </LineString>
    </Placemark>
    <Placemark>
      <description>Unknown Line Type</description>
      <styleUrl>#line1</styleUrl>
      <LineString>
        <coordinates>
          113.9488000468,25.4566080245,0
          113.5682580038,25.3439690747,0
        </coordinates>
      </LineString>
    </Placemark>
    <Placemark>
      <description>Unknown Line Type</description>
      <styleUrl>#line1</styleUrl>
      <LineString>
        <coordinates>
          115.8666420359,24.9348447993,0
          115.7961072516,24.8763148069,0
          115.7414075071,24.7476755914,0
          115.7805153164,24.7056948543,0
          115.8315066731,24.5851262914,0
          115.8291251210,24.5723444048,0
          115.8196860818,24.5676564971,0
          115.7505666892,24.5552604530,0
          115.6951142334,24.5553306843,0
          115.5861529262,24.6293929345,0
          115.5516190675,24.6547270300,0
          115.5205677967,24.7114519937,0
          115.4738113495,24.7692935768,0
          115.4019114309,24.7964154810,0
          115.0405665416,24.7064268723,0
          114.9205470036,24.6585128198,0
          114.8112080562,24.6077121870,0
          114.7250240900,24.5540148417,0
          114.7155990465,24.5472453043,0
          114.4181709508,24.4997582077,0
          114.4036972478,24.5044024192,0
          114.1745215733,24.6685395312,0
          114.1721917500,24.6795385739,0
          114.4004916138,24.9629831493,0
          114.5204285732,25.0449784277,0
          114.6853082920,25.1335315485,0
          114.7215267891,25.1620671554,0
          114.7190925645,25.2845668012,0
          114.7110295470,25.3058508582,0
          114.6984367445,25.3241820072,0
          114.5472374635,25.4279497995,0
          114.5242935909,25.4311980868,0
          114.4958542942,25.4249439610,0
          114.4277650501,25.3841452131,0
          114.3953872232,25.3499337694,0
          114.3675371021,25.3358529570,0
          114.3051126961,25.3194304361,0
          114.2202074090,25.3138580224,0
          114.1194378550,25.3280037314,0
          114.0376098588,25.3700260317,0
          113.9488000468,25.4566080245,0
        </coordinates>
      </LineString>
    </Placemark>
    <Placemark>
      <description>Unknown Line Type</description>
      <styleUrl>#line1</styleUrl>
      <LineString>
        <coordinates>
          113.5682580038,25.3439690747,0
          113.3842834952,25.4090333269,0
          113.3544896469,25.4325826752,0
          113.3070198164,25.5176242285,0
          113.2937981496,25.5207246562,0
          113.2762821535,25.5248293282,0
          113.1508270486,25.4944432194,0
          112.9383365327,25.3339989662,0
          112.9787038448,25.1507068610,0
          113.0137132154,24.9820639376,0
          113.0035605775,24.9410646676,0
          112.9849827617,24.9212114837,0
          112.8363484006,24.9034187522,0
          112.7760156016,24.9041011979,0
          112.7517268416,24.9528742422,0
          112.7465242260,24.9888337954,0
          112.7242384851,25.0427179421,0
          112.6809609494,25.1223193521,0
          112.6580522179,25.1357498083,0
          112.4487384688,25.2036877488,0
          112.3430473666,25.2123175961,0
          112.1998513621,25.2104039455,0
          112.1747672814,25.2037460995,0
          112.1275455825,24.9794585482,0
          112.1345032172,24.9546824835,0
          112.0902216806,24.8190622994,0
          112.0144764637,24.7462130240,0
        </coordinates>
      </LineString>
    </Placemark>
    <Placemark>
      <description>Unknown Line Type</description>
      <styleUrl>#line1</styleUrl>
      <LineString>
        <coordinates>
          109.4711334542,26.0309131012,0
          109.0646369779,25.7149341867,0
          109.0708453811,25.5476863229,0
          109.0514246410,25.5294973447,0
          108.4894367673,25.4527713942,0
          108.3070470933,25.5477029963,0
          108.2900328610,25.5372749977,0
          108.1481691938,25.4501165825,0
          108.1420924946,25.3787327415,0
          108.1171038928,25.2557447499,0
          108.0520986978,25.2062110943,0
          107.8496256934,25.1324964680,0
          107.7726451684,25.1280966285,0
          107.5378058953,25.2218938363,0
          107.4819859172,25.2489673567,0
          107.4453187268,25.2676113663,0
          107.3900321192,25.3436166567,0
          107.4102532934,25.3950390505,0
          107.3105581418,25.5126064031,0
          107.2176011366,25.6173147853,0
          107.1934683683,25.6172547162,0
          107.0566840905,25.5427237742,0
          106.9638908661,25.4479986753,0
          106.9566340792,25.4374989196,0
          106.9757568585,25.3761799843,0
          106.9883448903,25.2691231764,0
          106.9718859623,25.2365931347,0
          106.8835684940,25.1997295143,0
          106.8725884177,25.1959535287,0
          106.6552294493,25.1817897699,0
          106.1828473575,24.9107921479,0
          106.1991459457,24.8738205321,0
          106.1852275496,24.8047169049,0
          106.1274332471,24.7424286046,0
          106.0124743287,24.6443774281,0
          105.5229177293,24.8167331054,0
          105.4966708810,24.8317413787,0
          105.4717098088,24.8573841489,0
          105.4444782381,24.9133423029,0
          105.4357152789,24.9313311340,0
          105.4215265829,24.9476702410,0
          105.1944843243,25.0199291967,0
          105.1714114067,25.0154682524,0
          105.0672262969,24.9193718793,0
          105.0494712464,24.9029621141,0
          104.8869345990,24.7570569734,0
          104.7379489037,24.6318534658,0
          104.7115936348,24.6325825284,0
          104.6331571773,24.6732620748,0
          104.5270107484,24.7368858996,0
        </coordinates>
      </LineString>
    </Placemark>
    <Placemark>
      <description>Unknown Line Type</description>
      <styleUrl>#line1</styleUrl>
      <LineString>
        <coordinates>
          112.0144764637,24.7462130240,0
          111.9488217031,24.7714833264,0
          111.7840537998,24.7855006246,0
          111.7027133434,24.7819374200,0
          111.6824651212,24.7716192181,0
          111.6280157243,24.6932955587,0
          111.5400999768,24.6478235880,0
          111.4315184186,24.6765628773,0
          111.4316567709,24.7055318681,0
          111.4393085486,24.9712045755,0
          111.4625087443,25.0070296753,0
          111.4659535102,25.0244541251,0
          111.4606897444,25.0333620219,0
          111.3941743414,25.1457325061,0
          111.3230555556,25.1506052670,0
          111.2602269706,25.1399075778,0
          111.1112946851,25.0432803846,0
          111.0920104557,25.2176094951,0
          111.3208997595,25.5829088958,0
          111.4155111392,25.7813829968,0
          111.2757543987,25.8576768556,0
          111.2743653458,26.0950125027,0
          111.2859034242,26.2554958418,0
          111.2771190599,26.2645240391,0
          111.1592620249,26.3060809288,0
        </coordinates>
      </LineString>
    </Placemark>
    <Placemark>
      <description>Unknown Line Type</description>
      <styleUrl>#line1</styleUrl>
      <LineString>
        <coordinates>
          111.1592620249,26.3060809288,0
          110.9954863961,26.3762051466,0
          110.9559831879,26.3930646893,0
          110.6140775323,26.3356131074,0
          110.5662365459,26.3059968929,0
          110.5549770578,26.2969064727,0
          110.3858660729,26.1268405291,0
          110.3470845962,26.0571315846,0
          110.0644982537,26.0675303878,0
          109.6301244834,26.0564612182,0
          109.4711334542,26.0309131012,0
        </coordinates>
      </LineString>
    </Placemark>
    <Placemark>
      <description>Unknown Line Type</description>
      <styleUrl>#line1</styleUrl>
      <LineString>
        <coordinates>
          104.5270107484,24.7368858996,0
          104.7027404017,24.9991107335,0
          104.7697984541,25.1828009494,0
          104.7038774966,25.2877119635,0
          104.5205807242,25.4277435546,0
          104.3603395224,25.7379232565,0
          104.5483229397,26.2702346867,0
          104.5753501516,26.3067333197,0
          104.5853881659,26.3202787416,0
          104.6872305403,26.3764019053,0
          104.6255388476,26.4984114704,0
          104.6014518212,26.5339452090,0
          104.5602612526,26.5946241732,0
          104.4190304855,26.7191090966,0
          104.4025738427,26.7219713193,0
          104.1368142263,26.6372485403,0
          104.1222340473,26.6308671532,0
          104.1102600782,26.6224871130,0
          104.0585665234,26.5362215219,0
          103.8907490746,26.5239597476,0
          103.7601621424,26.5877466741,0
          103.7010789878,26.8039020052,0
          103.6676963291,27.0548891065,0
          103.6708224790,27.1466198499,0
          103.9031521853,27.3855085249,0
          104.0054203814,27.4051274439,0
          104.0268057307,27.3700785630,0
          104.1616615820,27.2742415877,0
          104.3340115404,27.4387155005,0
          104.3833395596,27.4754667804,0
          104.4256490176,27.4507600490,0
          104.4858104174,27.4155745557,0
          104.5325768423,27.3456353065,0
          104.5521182783,27.3290460448,0
          104.6544116770,27.3181812525,0
          105.1930462784,27.3856598447,0
          105.2104877443,27.4136038347,0
          105.2946638502,27.6119838378,0
          105.3061155048,27.6545084489,0
          105.2961969367,27.7166079734,0
          105.2944725441,27.7273939156,0
        </coordinates>
      </LineString>
    </Placemark>
    <Placemark>
      <description>Unknown Line Type</description>
      <styleUrl>#line1</styleUrl>
      <LineString>
        <coordinates>
          118.8176889036,28.2601515898,0
          118.8167744560,28.1584395183,0
          118.8992164850,27.5864338323,0
          118.9837065587,27.5073269727,0
          119.1424001196,27.4406501803,0
          119.2225899705,27.4251129834,0
          119.4520421849,27.5232181002,0
          119.4935272312,27.6237640126,0
          119.5162945086,27.6613338989,0
          119.5169724092,27.6624519643,0
          119.5823256529,27.6764203407,0
          119.6108809321,27.6725414020,0
          119.6321514547,27.6620295372,0
          119.6336767553,27.6587021716,0
          119.6997251844,27.5143258474,0
          119.7215397803,27.4245213840,0
          119.7858693140,27.3062159201,0
          119.8245300354,27.3039189951,0
          119.9068620820,27.3208229155,0
          120.0551689356,27.3574268168,0
          120.1163181272,27.4114634605,0
          120.1697136527,27.4346120706,0
          120.2233660218,27.4323559034,0
          120.2559001451,27.4240372201,0
          120.3293381076,27.4052185659,0
          120.4151004491,27.2773143613,0
          120.4334504776,27.1756331122,0
        </coordinates>
      </LineString>
    </Placemark>
    <Placemark>
      <description>Unknown Line Type</description>
      <styleUrl>#line1</styleUrl>
      <LineString>
        <coordinates>
          115.8666420359,24.9348447993,0
          115.8545033212,25.1662456643,0
          115.8555699879,25.1826692716,0
          115.8578493107,25.2177414874,0
          116.1258233414,25.8922624696,0
          116.1317876492,25.9004607118,0
          116.1788060414,25.9176944919,0
          116.2966985078,25.9409725338,0
          116.4540154371,26.1039571550,0
          116.4768886022,26.1375956173,0
          116.4957475678,26.3912014343,0
          116.5085398709,26.7174918571,0
          116.5379694052,26.8546054301,0
          116.5487515276,26.8659429363,0
          116.6582328366,26.9808205809,0
          116.7074065729,26.9930900792,0
          116.8521637984,27.0290616824,0
          116.9339492576,27.0397508935,0
          116.9738445911,27.0670621157,0
          117.0432722655,27.1236880759,0
          117.1460136454,27.2554305382,0
          117.1644313638,27.2905618497,0
          117.1271538053,27.4321653487,0
          117.1160079183,27.4666573361,0
          117.0757326345,27.5492267191,0
          117.2858898593,27.8120943496,0
          117.5444457551,27.9734466624,0
          117.7580555722,27.8819876838,0
          118.2040881919,28.0732458358,0
          118.4040812639,28.2881299890,0
        </coordinates>
      </LineString>
    </Placemark>
    <Placemark>
      <description>Unknown Line Type</description>
      <styleUrl>#line1</styleUrl>
      <LineString>
        <coordinates>
          118.4040812639,28.2881299890,0
          118.4330336041,28.2523669722,0
          118.4644736926,28.2357307778,0
          118.4981135012,28.2381656459,0
          118.6325465185,28.2563097511,0
          118.6931398730,28.3308106802,0
          118.7051722599,28.3298915957,0
          118.7064771448,28.3290841304,0
          118.7867884086,28.2793277498,0
          118.8176889036,28.2601515898,0
        </coordinates>
      </LineString>
    </Placemark>
    <Placemark>
      <description>Unknown Line Type</description>
      <styleUrl>#line1</styleUrl>
      <LineString>
        <coordinates>
          109.2603628462,28.4953129200,0
          109.2494894016,28.4304676393,0
          109.2538410962,28.3039564450,0
          109.3332219098,27.7493921211,0
          109.3945674933,27.7088059502,0
          109.4195664496,27.6922450230,0
          109.4452448840,27.6322755585,0
          109.4458284180,27.5812916797,0
          109.4459840007,27.5676843817,0
          109.4402697118,27.5508103362,0
          109.0529856429,27.2642395246,0
          108.9876484139,27.0858185110,0
          109.0739596157,27.1407096623,0
          109.2367873971,27.1652112248,0
          109.3870553852,27.1453854594,0
          109.4129264901,27.1419508711,0
          109.4538975282,27.1283152203,0
          109.4844984819,27.0938206452,0
          109.5092976834,27.0658376927,0
          109.5511148401,26.9579640509,0
          109.5240404236,26.7829401504,0
          109.4965597920,26.7654389064,0
          109.4320700003,26.7685200109,0
          109.2918063724,26.7336101289,0
          109.2838722638,26.7272480089,0
          109.2829111802,26.7053091967,0
          109.2827994754,26.7027575131,0
          109.3815363705,26.5147133156,0
          109.4724601167,26.3421913490,0
          109.4817593777,26.3381023235,0
          109.4870329286,26.3070091310,0
          109.4711334542,26.0309131012,0
        </coordinates>
      </LineString>
    </Placemark>
    <Placemark>
      <description>Unknown Line Type</description>
      <styleUrl>#line1</styleUrl>
      <LineString>
        <coordinates>
          105.2944725441,27.7273939156,0
          105.3673309552,27.7572096039,0
          105.4088048699,27.7708198644,0
          105.5075066766,27.7754387248,0
          105.5914027441,27.7262083436,0
          105.7055007164,27.6972578855,0
          106.1772427337,27.7652460883,0
          106.2221825243,27.7827644240,0
          106.2998871260,27.8304924708,0
          106.3269517263,27.8545420502,0
          106.3415679272,27.8797561176,0
          106.3449756983,27.9099311846,0
          106.3351350813,27.9533168577,0
          106.3004132558,28.0384297892,0
          106.2831896823,28.0631748740,0
          106.1999940856,28.1348581120,0
          106.1697873604,28.1608374756,0
          106.1440135369,28.1667052168,0
          106.0787452514,28.1645529057,0
          106.0207838645,28.1183817236,0
          105.9787324885,28.1160105032,0
          105.9523648300,28.1229683143,0
          105.8719872791,28.1570542863,0
          105.6642213428,28.3041582891,0
          105.6508697246,28.3409274309,0
          105.6235321094,28.4827254408,0
          105.6323158748,28.5063575155,0
          105.6848038088,28.5938438001,0
          105.7269669498,28.6223298443,0
          105.9735838623,28.7511089289,0
          105.9850028226,28.7553584641,0
          106.0078860361,28.7391890987,0
          106.0343983352,28.7062237465,0
          106.2511909084,28.5384382221,0
          106.3284351935,28.4864303095,0
          106.3643149694,28.4798491547,0
          106.4009208135,28.4846493835,0
          106.3984149160,28.5351804496,0
        </coordinates>
      </LineString>
    </Placemark>
    <Placemark>
      <description>Unknown Line Type</description>
      <styleUrl>#line1</styleUrl>
      <LineString>
        <coordinates>
          105.2944725441,27.7273939156,0
          105.2816926875,27.9665743161,0
          105.2775704881,27.9791299937,0
          105.2445867243,28.0203141788,0
          105.1364542819,28.0858945087,0
          105.0974368226,28.1007201814,0
          105.0278072658,28.1014467635,0
          105.0138661837,28.0924657027,0
          104.9821519624,28.0720210242,0
          104.9005608649,27.9651968022,0
          104.7716544475,27.9043666715,0
          104.6403322289,27.8651924661,0
          104.5784537777,27.8482775327,0
          104.4892506355,27.8943360516,0
          104.3866041193,27.9604794378,0
          104.3055811223,28.0501110780,0
          104.3154852006,28.0627871824,0
          104.3773211464,28.0688579206,0
          104.4510039364,28.1588503546,0
          104.4543837048,28.1683569587,0
          104.4185134212,28.6378396153,0
          104.3875664649,28.6512293585,0
          104.3831319653,28.6531470008,0
          104.2406923269,28.6652850619,0
          103.9516217254,28.6176051608,0
          103.4959277315,28.0299473943,0
          103.5363192474,28.0068836071,0
          103.5601194241,27.9818400857,0
          103.4900476670,27.8064295481,0
          103.1527816974,27.4801833362,0
          102.9463564168,27.4178643922,0
          102.9251321064,27.4113209265,0
          102.8911415406,27.3230601450,0
          102.8828526013,27.2684912095,0
          102.8702430748,27.0417151285,0
          102.8724734263,27.0267101772,0
          102.8978978410,26.9156161767,0
          102.9139472221,26.8844077840,0
          102.9197027871,26.8780691045,0
          102.9544732377,26.8397475524,0
          102.9748249963,26.8053188070,0
          102.9980708502,26.6967524602,0
          102.9870120769,26.3819181610,0
          102.9800900628,26.3606331890,0
          102.9447991919,26.3421882724,0
          102.7080493632,26.2310497881,0
          102.6786489492,26.2192585521,0
          102.6307272855,26.2388901949,0
          102.6028780383,26.2649939863,0
          102.6026193658,26.2781782739,0
          102.6265281346,26.3197704871,0
          102.6219217763,26.3481584522,0
          102.5789619640,26.3690730213,0
          102.5450961682,26.3699676702,0
          102.5024497790,26.3456012393,0
          102.2190446333,26.1828743543,0
          102.1645827293,26.1514430271,0
          102.0608070367,26.1084905374,0
          101.8572670321,26.0642415440,0
          101.8406901784,26.0657922164,0
          101.8295240680,26.0719179002,0
          101.5977661055,26.4430774978,0
          101.4712080350,26.6642368465,0
          101.1638876035,27.1643160364,0
          100.6783983503,27.9160753897,0
          100.6559013255,27.9212765472,0
          100.4480788388,27.8783439246,0
          100.4059227315,27.8248809467,0
          100.2836364208,27.8111087635,0
          100.1616971924,27.9258379510,0
          100.0451720700,28.0973240845,0
          100.0436259605,28.1556246774,0
          100.0465538893,28.1748932148,0
          100.0651127247,28.1942658130,0
          100.0949086977,28.1981329240,0
          100.1679493883,28.2292531691,0
          100.1767957441,28.3440669416,0
          99.9474255559,28.5839581590,0
          99.7299211539,28.7696219822,0
          99.6053882058,28.7361974261,0
          99.4127097515,28.5425384891,0
          99.4049180606,28.5110910178,0
          99.4271028585,28.4129634883,0
          99.4226272347,28.2735619321,0
          99.4059214561,28.1454610923,0
          99.3072172366,28.2312719983,0
          99.1745834643,28.4166179680,0
          99.1152224533,28.7733575557,0
          99.1314182733,28.9366312860,0
        </coordinates>
      </LineString>
    </Placemark>
    <Placemark>
      <description>Unknown Line Type</description>
      <styleUrl>#line1</styleUrl>
      <LineString>
        <coordinates>
          113.9431871501,29.0513493954,0
          113.9377744126,28.9563295353,0
          113.9438534885,28.9373555339,0
          114.1048033026,28.5735299590,0
          114.1231247080,28.5520971777,0
          114.2317087474,28.4810594460,0
          114.2586681360,28.3910081426,0
          114.2659657363,28.3665955443,0
          114.2620031106,28.3523270736,0
          114.0303309205,28.0756434284,0
          113.8346876496,27.9920522611,0
          113.7722192089,27.9627450219,0
          113.7339239566,27.8972992113,0
          113.6091060185,27.6405663993,0
          113.5849064573,27.5400480798,0
          113.5991998882,27.4397757818,0
          113.6347924943,27.3544205978,0
          113.6646957855,27.3432322148,0
          113.7197328538,27.3381439035,0
          113.8105687223,27.3689716944,0
          113.8551683130,27.3666588179,0
          113.8783260787,27.3654509127,0
          113.8404821607,27.0921111413,0
          113.8483531576,26.7283822175,0
          113.8602882273,26.6778078164,0
          113.8729254632,26.6516541179,0
          114.0389047330,26.6139653049,0
          114.0924463572,26.5732565520,0
          114.0909249320,26.1171975820,0
          114.0201732900,26.0118178212,0
          113.9254137837,25.7319767309,0
          113.9336423019,25.6661465641,0
          113.9853287954,25.5663905735,0
          113.9488000468,25.4566080245,0
        </coordinates>
      </LineString>
    </Placemark>
    <Placemark>
      <description>Unknown Line Type</description>
      <styleUrl>#line1</styleUrl>
      <LineString>
        <coordinates>
          109.2237012450,29.1537359908,0
          109.3079142726,29.0524688755,0
          109.3130139928,29.0340132845,0
          109.3091712809,29.0209683967,0
          109.2560138981,28.9636545587,0
          109.2281352019,28.8785725425,0
          109.1926562152,28.6318325695,0
          109.1976950208,28.6198812223,0
          109.2603628462,28.4953129200,0
        </coordinates>
      </LineString>
    </Placemark>
    <Placemark>
      <description>Unknown Line Type</description>
      <styleUrl>#line1</styleUrl>
      <LineString>
        <coordinates>
          109.2603628462,28.4953129200,0
          109.1800046764,28.4464844416,0
          109.1602614669,28.4264933568,0
          109.1061368542,28.1901978849,0
          109.0837606747,28.1789372319,0
          108.9639859917,28.1616897652,0
          108.7527435494,28.2058901976,0
          108.7422554261,28.2114075269,0
          108.4968925391,28.6372114638,0
          108.3239865377,29.0198612469,0
          108.3083860475,29.0826982188,0
          108.2989838463,29.0832657258,0
          108.0554085704,29.0945254394,0
          108.0246492537,29.0826009946,0
          107.9238633045,29.0389339686,0
          107.8089973805,29.0417047142,0
          107.6085062983,29.1722522536,0
          107.5941099348,29.2123221710,0
        </coordinates>
      </LineString>
    </Placemark>
    <Placemark>
      <description>Unknown Line Type</description>
      <styleUrl>#line1</styleUrl>
      <LineString>
        <coordinates>
          107.5941099348,29.2123221710,0
          107.5854166958,29.2193827507,0
          107.4482140952,29.2026785110,0
          107.4346555924,29.1990573897,0
          107.4133318549,29.1672250399,0
          107.3607878699,29.0886589012,0
          107.2031997192,28.8525756448,0
          107.0417389358,28.8574520705,0
          107.0052271699,28.8585232823,0
          106.9169680451,28.7900772795,0
          106.8526144248,28.7083590743,0
          106.8017657310,28.5993382024,0
          106.7153941209,28.4742389560,0
          106.7046780953,28.4686913916,0
          106.5955832845,28.4823889878,0
          106.5781309343,28.4968513163,0
          106.5696638514,28.5206436673,0
          106.5174029938,28.6401675031,0
          106.3984149160,28.5351804496,0
        </coordinates>
      </LineString>
    </Placemark>
    <Placemark>
      <description>Unknown Line Type</description>
      <styleUrl>#line1</styleUrl>
      <LineString>
        <coordinates>
          99.1067936595,29.2461078070,0
          98.9952165179,29.2206112806,0
          98.6129377465,28.9752860010,0
          98.6259036210,28.5208680006,0
          98.6325557932,28.4993443684,0
          98.7032260173,28.4362825037,0
          98.7215434067,28.4199134598,0
          98.7538731819,28.3695614421,0
          98.7117446078,28.2326295550,0
          98.6674324837,28.2046135243,0
          98.6358594331,28.1939129079,0
          98.4497909525,28.1364156466,0
          98.4319362996,28.1362034127,0
          98.4136093039,28.1445666792,0
          98.2667918418,28.2533487571,0
          98.1489252920,28.1590407918,0
        </coordinates>
      </LineString>
    </Placemark>
    <Placemark>
      <description>Unknown Line Type</description>
      <styleUrl>#line1</styleUrl>
      <LineString>
        <coordinates>
          99.1314182733,28.9366312860,0
          99.1067936595,29.2461078070,0
        </coordinates>
      </LineString>
    </Placemark>
    <Placemark>
      <description>Unknown Line Type</description>
      <styleUrl>#line1</styleUrl>
      <LineString>
        <coordinates>
          118.4040812639,28.2881299890,0
          118.4410212623,28.3237746060,0
          118.4558132808,28.3679116893,0
          118.4454172140,28.4694093365,0
          118.4141864975,28.6829931364,0
          118.3746091518,28.7903678481,0
          118.3738294132,28.7924800131,0
          118.2614229138,28.9106057679,0
          118.2523593083,28.9201102716,0
          118.1968876723,28.9709491430,0
          118.1559613141,28.9954805614,0
          118.1090620975,29.0112021997,0
          118.1380004925,29.2919335716,0
          118.2238827670,29.4055928336,0
        </coordinates>
      </LineString>
    </Placemark>
    <Placemark>
      <description>Unknown Line Type</description>
      <styleUrl>#line1</styleUrl>
      <LineString>
        <coordinates>
          116.1308208887,29.8263666966,0
          116.0466526544,29.7763421855,0
          115.9374371314,29.7372419452,0
          115.9017973170,29.7412786344,0
          115.7779427855,29.7931284035,0
          115.4317063519,29.7074048170,0
          114.9314857356,29.4727041118,0
          114.9340128903,29.4593882828,0
          114.9057296806,29.4114928675,0
          114.7544519755,29.3774394500,0
          114.4956507332,29.3391508351,0
          114.3552802740,29.3373502515,0
          114.0690044967,29.2087757659,0
          113.9810979899,29.1231526101,0
          113.9464317005,29.0801257734,0
          113.9431871501,29.0513493954,0
        </coordinates>
      </LineString>
    </Placemark>
    <Placemark>
      <description>Unknown Line Type</description>
      <styleUrl>#line1</styleUrl>
      <LineString>
        <coordinates>
          116.8350398771,29.8485066265,0
          116.7496465692,29.8302541606,0
          116.7240312270,29.8184190925,0
          116.6940408209,29.7970186404,0
          116.6419695473,29.7323911803,0
          116.6340673206,29.7122486054,0
          116.6386290276,29.6640460582,0
          116.6507431371,29.6273930360,0
          116.6716668168,29.5980817952,0
          116.7927077883,29.5870812533,0
          116.8384302226,29.5936364970,0
          117.0516049023,29.7038143904,0
          117.0722511791,29.7206211122,0
          117.0987542150,29.7975534140,0
          117.0983364859,29.8046452384,0
          117.0713600225,29.8251825910,0
          117.0715012294,29.8507151567,0
          117.1180926883,29.9008667324,0
          117.1518550303,29.9253848001,0
          117.1932180904,29.9370217913,0
          117.2115858006,29.9336820658,0
          117.2191573830,29.9323044231,0
          117.2468363899,29.9163515932,0
          117.3868742392,29.8243781224,0
          117.4310033800,29.7806001360,0
          117.4602291820,29.6885051751,0
          117.5509891040,29.5981543642,0
          117.6865615899,29.5682935693,0
          117.7295951836,29.5682685123,0
          117.8028354791,29.5819826252,0
          117.9747305662,29.5755016781,0
          118.0580471781,29.5636352688,0
          118.1297522806,29.5175360567,0
          118.2238827670,29.4055928336,0
        </coordinates>
      </LineString>
    </Placemark>
    <Placemark>
      <description>Unknown Line Type</description>
      <styleUrl>#line1</styleUrl>
      <LineString>
        <coordinates>
          116.1308208887,29.8263666966,0
          116.2419026668,29.7934200947,0
          116.3080665025,29.8180770542,0
          116.4683312294,29.9018544013,0
          116.5694628657,30.0278290956,0
          116.5903860071,30.0544037860,0
          116.5931600036,30.0579255046,0
          116.6142863243,30.0758721085,0
          116.6679648872,30.0743374879,0
          116.7249482685,30.0618665398,0
          116.7372532258,30.0591694749,0
          116.8225001791,30.0184419015,0
          116.8847109410,29.9789012004,0
          116.8935373816,29.9404225259,0
          116.8350398771,29.8485066265,0
        </coordinates>
      </LineString>
    </Placemark>
    <Placemark>
      <description>Unknown Line Type</description>
      <styleUrl>#line1</styleUrl>
      <LineString>
        <coordinates>
          110.9362741066,30.0778831380,0
          111.2349859645,30.0403339682,0
          111.2670101586,30.0362609548,0
          111.3376993128,29.9568336039,0
          111.3413451894,29.9527315235,0
          111.3993774634,29.9196610942,0
          111.5603530004,29.8981248749,0
          111.6657494364,29.8933285660,0
          111.7337246945,29.9164070582,0
          111.7813953663,29.9196577332,0
          111.8205980152,29.8994100218,0
          112.0449968478,29.7830534420,0
          112.2291851611,29.6639076186,0
          112.2852192696,29.6114678841,0
          112.6160542235,29.6290794541,0
          112.8195945738,29.7642540325,0
          112.8895248028,29.7983735158,0
          113.0049237948,29.7812743567,0
          113.0144511814,29.7785471053,0
          113.0096619646,29.7188832044,0
          112.9916590232,29.6878702093,0
          112.9149729153,29.6490115404,0
          112.9145296513,29.6361221254,0
          112.9138179304,29.6154174858,0
          112.9303462838,29.5085786283,0
          112.9399720801,29.4909833327,0
          112.9521999137,29.4798276481,0
          113.1290801915,29.4534485499,0
          113.1416478856,29.4531087704,0
          113.1452638001,29.4577196541,0
          113.2268689561,29.5616059920,0
          113.3138254437,29.6485984360,0
          113.3142706044,29.6490431892,0
          113.4043801802,29.7389158488,0
          113.5177534059,29.8289071790,0
          113.5549692834,29.8436853092,0
          113.7318992093,29.6017287664,0
          113.7644120409,29.5126256584,0
          113.7659765831,29.5031124674,0
          113.7456429205,29.4328750859,0
          113.7358150510,29.4204602770,0
          113.7259662223,29.4137706039,0
          113.7211083451,29.4134949864,0
          113.6794824231,29.4111246647,0
          113.6629763304,29.4042225196,0
          113.6063804381,29.3025623899,0
          113.5971488656,29.2723849132,0
          113.5989288292,29.2510422631,0
          113.6389808673,29.1758501341,0
          113.6936234409,29.0964485560,0
          113.8919418567,29.0488511790,0
          113.9431871501,29.0513493954,0
        </coordinates>
      </LineString>
    </Placemark>
    <Placemark>
      <description>Unknown Line Type</description>
      <styleUrl>#line1</styleUrl>
      <LineString>
        <coordinates>
          109.2237012450,29.1537359908,0
          109.2352118350,29.1555122391,0
          109.2583740992,29.1814903821,0
          109.3338273701,29.3210970883,0
          109.3601084436,29.4246891475,0
          109.4025994373,29.5040971155,0
          109.4943738183,29.6053262332,0
          109.5451820092,29.6464065124,0
          109.7923378568,29.7596506472,0
          109.7959970684,29.7606948957,0
          109.8394820114,29.7730928304,0
          110.1736341559,29.7987433517,0
          110.2509162332,29.7465480523,0
          110.2657118028,29.6989185800,0
          110.2835306826,29.6730270399,0
          110.3736056134,29.6367650249,0
          110.4224674004,29.6585600471,0
          110.5715560213,29.7276165427,0
          110.6182815424,29.7613717859,0
          110.6247025596,29.7805785158,0
          110.6265073083,29.8008792170,0
          110.6091198236,29.8290334447,0
          110.5160742074,29.8881581135,0
          110.5009334458,29.9111134156,0
          110.4904115581,29.9380656145,0
          110.4915306279,29.9563031024,0
          110.5012112808,30.0768420573,0
          110.5256738275,30.0948419567,0
          110.7628654061,30.1424842000,0
          110.9028572063,30.1328299234,0
          110.9362741066,30.0778831380,0
        </coordinates>
      </LineString>
    </Placemark>
    <Placemark>
      <description>Unknown Line Type</description>
      <styleUrl>#line1</styleUrl>
      <LineString>
        <coordinates>
          120.1510575086,30.9416013313,0
          120.2206411125,30.9350698762,0
          120.4601171325,30.7906034196,0
          120.4779136802,30.7759459709,0
          120.5355953679,30.8018206294,0
          120.7024548433,30.9342450380,0
          120.9196931933,31.0276375321,0
        </coordinates>
      </LineString>
    </Placemark>
    <Placemark>
      <description>Unknown Line Type</description>
      <styleUrl>#line1</styleUrl>
      <LineString>
        <coordinates>
          120.9196931933,31.0276375321,0
          120.9721781289,31.0290164463,0
          120.9939297384,31.0132025022,0
          121.1729729628,30.7714334580,0
          121.2523527552,30.6940567227,0
        </coordinates>
      </LineString>
    </Placemark>
    <Placemark>
      <description>Unknown Line Type</description>
      <styleUrl>#line1</styleUrl>
      <LineString>
        <coordinates>
          118.2238827670,29.4055928336,0
          118.2989489340,29.5149726842,0
          118.5339858191,29.6440063715,0
          118.5784421155,29.6621677544,0
          118.6609507928,29.6617788430,0
          118.7211432606,29.7192086817,0
          118.8995883565,29.9737488442,0
          118.8904514617,30.0283678030,0
          118.8827983243,30.0740579837,0
          118.8601598979,30.1120131617,0
          118.8332107842,30.1725833165,0
          118.8814517681,30.3148127324,0
          118.8849848225,30.3237302879,0
          118.8943059881,30.3472458125,0
          118.9359511591,30.3599423889,0
          118.9642985837,30.3608660198,0
          119.1220983123,30.3330218633,0
          119.1925669333,30.2989883408,0
          119.2270778212,30.3163351210,0
          119.3315992944,30.3808632288,0
          119.3754922468,30.4273826922,0
          119.5634762840,30.8359153940,0
          119.6231588172,31.0337316616,0
          119.6386353986,31.1316371459,0
        </coordinates>
      </LineString>
    </Placemark>
    <Placemark>
      <description>Unknown Line Type</description>
      <styleUrl>#line1</styleUrl>
      <LineString>
        <coordinates>
          119.6386353986,31.1316371459,0
          119.6612762341,31.1685643489,0
          119.7421722292,31.1812439381,0
          119.7697372242,31.1848335304,0
          119.9114106250,31.1748980823,0
          119.9168403657,31.1745139797,0
          119.9337126846,31.1481596942,0
          119.9418954332,31.1118012234,0
          119.9869128932,31.0409748666,0
          120.1073387338,30.9642372068,0
          120.1510575086,30.9416013313,0
        </coordinates>
      </LineString>
    </Placemark>
    <Placemark>
      <description>Unknown Line Type</description>
      <styleUrl>#line1</styleUrl>
      <LineString>
        <coordinates>
          115.3529357072,31.4131048275,0
          115.3690497039,31.3630346146,0
          115.5481921962,31.1728394910,0
          115.5793436360,31.1735175326,0
          115.7111695279,31.1916580251,0
          115.8706436728,31.1491852877,0
          116.0630225597,31.0102254251,0
          116.0786094023,30.9963526850,0
          116.0836710978,30.9731806009,0
          116.0745730957,30.9594517942,0
          115.9279614047,30.9057212666,0
          115.8576022616,30.8929184443,0
          115.8313601830,30.8547968673,0
          115.7694424206,30.7646778257,0
          115.7638893352,30.7382475585,0
          115.7701356081,30.7109780366,0
          115.8969906111,30.4061286201,0
          115.9811659537,30.2897188748,0
          116.0086007336,30.2700783969,0
          116.0228396043,30.2447858141,0
          116.0764977552,30.1029790909,0
          116.1204849734,29.9424529887,0
          116.1324030041,29.8971293392,0
          116.1308208887,29.8263666966,0
        </coordinates>
      </LineString>
    </Placemark>
    <Placemark>
      <description>Unknown Line Type</description>
      <styleUrl>#line1</styleUrl>
      <LineString>
        <coordinates>
          121.3182566996,31.5157587277,0
          121.1985190369,31.4903201148,0
          121.1843762762,31.4832149430,0
          121.1126342503,31.3987955332,0
          121.1125970497,31.3987505000,0
          121.0915186794,31.3732321069,0
          120.8900333345,31.1137728270,0
          120.8865607358,31.0957498919,0
          120.9196931933,31.0276375321,0
        </coordinates>
      </LineString>
    </Placemark>
    <Placemark>
      <description>Unknown Line Type</description>
      <styleUrl>#line1</styleUrl>
      <LineString>
        <coordinates>
          109.5805663051,31.7458107934,0
          109.6840363975,31.7239925210,0
          109.9700014804,31.5389511460,0
          110.1357049092,31.4055536828,0
          110.1643110039,31.3228992803,0
          110.1684989959,31.3055886176,0
          110.2001832307,31.1743678476,0
          110.1440051951,30.9156231990,0
          110.0960932131,30.8387925675,0
          110.0876804915,30.8344740382,0
          110.0718630257,30.8398514001,0
          110.0544056849,30.8556223699,0
          110.0470103672,30.8933482023,0
          110.0352485808,30.9042411436,0
          109.9382409294,30.9144658662,0
          109.8749565598,30.9123305253,0
          109.7852015794,30.8687466381,0
          109.6600341588,30.7764005841,0
          109.5713771585,30.6958764237,0
          109.4429955910,30.6120938245,0
          109.1663781128,30.5617899846,0
          108.7227794368,30.5384865618,0
          108.6346737534,30.5569695767,0
          108.4574310636,30.5174956054,0
          108.4402486962,30.5123150202,0
          108.4281211194,30.4675780715,0
          108.4040949513,30.3787925316,0
          108.4872654560,30.3271621496,0
          108.5415200963,30.2663743826,0
          108.6272027021,29.8674754807,0
          108.9041793352,29.3573280408,0
          109.1429639200,29.1800618533,0
          109.2065159902,29.1539324687,0
          109.2237012450,29.1537359908,0
        </coordinates>
      </LineString>
    </Placemark>
    <Placemark>
      <description>Unknown Line Type</description>
      <styleUrl>#line1</styleUrl>
      <LineString>
        <coordinates>
          121.5136464136,31.7236018959,0
          121.3988555388,31.8125146510,0
        </coordinates>
      </LineString>
    </Placemark>
    <Placemark>
      <description>Unknown Line Type</description>
      <styleUrl>#line1</styleUrl>
      <LineString>
        <coordinates>
          108.7440587422,32.1125934362,0
          109.0177981782,31.9902007816,0
          109.2956213932,31.8157691804,0
          109.2987981613,31.8040304112,0
          109.2775683454,31.7801540744,0
          109.2756445181,31.7669795803,0
          109.3103863028,31.7209834343,0
          109.3603901976,31.7145241958,0
          109.5805663051,31.7458107934,0
        </coordinates>
      </LineString>
    </Placemark>
    <Placemark>
      <description>Unknown Line Type</description>
      <styleUrl>#line1</styleUrl>
      <LineString>
        <coordinates>
          106.3984149160,28.5351804496,0
          106.3567646225,28.5762417189,0
          106.3285239011,28.6344771940,0
          106.2427462968,28.8797988562,0
          106.1903683127,28.9156346287,0
          105.9324707557,28.9932775968,0
          105.4439616486,29.3181704676,0
          105.4244005547,29.3432944883,0
          105.3262630927,29.4806065606,0
          105.3048024268,29.5158002159,0
          105.2780843333,29.5975765777,0
          105.3481461564,29.6576851084,0
          105.4167286775,29.6902249091,0
          105.4168877834,29.6903002993,0
          105.5569063979,29.7565239311,0
          105.7057649052,29.8513719711,0
          105.7302018252,29.8734061449,0
          105.8044893162,30.0155892816,0
          105.8066570560,30.0288822014,0
          105.7815233869,30.0431502485,0
          105.6999877522,30.0555847636,0
          105.6010766299,30.1076585088,0
          105.5875540455,30.1365792638,0
          105.5929674491,30.1537635394,0
          105.5975374781,30.1682642618,0
          105.7252322990,30.3592347706,0
          105.7505614447,30.3910308775,0
          105.7582135434,30.3946147548,0
          105.7720615522,30.4010985192,0
          105.7949910392,30.4061763022,0
          106.4464570159,30.3005246544,0
          106.7236637628,30.0572717339,0
          106.7968273454,30.0322034990,0
          107.0234949293,30.0410209994,0
          107.0779464638,30.0640357162,0
          107.1840102779,30.1938699978,0
          107.5031932446,30.6247648604,0
          107.5167659576,30.6732821779,0
          107.4782709398,30.7305702961,0
          107.4763191375,30.7592534034,0
          107.4818776727,30.7764448536,0
          107.5351756672,30.8692310046,0
          107.5439006506,30.8797323837,0
          107.5684582082,30.8904816712,0
          107.9267517733,30.9875650926,0
          108.0044183614,31.2152463132,0
          108.1685857490,31.4206646257,0
          108.3286451055,31.5364279703,0
          108.3462934921,31.5395631487,0
          108.5597564995,31.6677614176,0
          108.4774163800,31.7886605580,0
          108.3433305239,31.8821671401,0
          108.2696349785,31.9825137398,0
          108.2648951753,32.0043180792,0
          108.2704837145,32.0228640263,0
          108.3724525601,32.1887623192,0
          108.5270955087,32.2273371005,0
        </coordinates>
      </LineString>
    </Placemark>
    <Placemark>
      <description>Unknown Line Type</description>
      <styleUrl>#line1</styleUrl>
      <LineString>
        <coordinates>
          108.5270955087,32.2273371005,0
          108.7440587422,32.1125934362,0
        </coordinates>
      </LineString>
    </Placemark>
    <Placemark>
      <description>Unknown Line Type</description>
      <styleUrl>#line1</styleUrl>
      <LineString>
        <coordinates>
          97.7718507155,32.5402979664,0
          98.0383293090,32.4312736261,0
          98.1763119066,32.3692283056,0
          98.1987475434,32.3443408521,0
          98.2026238681,32.3400388309,0
          98.3854316274,32.0632861178,0
          98.4176762844,32.0117736682,0
          98.6921622729,31.3367250329,0
          98.6610452779,31.3467730175,0
          98.6311252114,31.3437486412,0
          98.6183039815,31.3277126760,0
          98.5991409963,31.2735114824,0
          98.6028472082,31.1913126212,0
          98.8043538505,30.9811098518,0
          98.9494917974,30.7330750002,0
          98.9225213815,30.5649743407,0
          98.9251140906,30.5410090272,0
          98.9750835517,30.3014786159,0
          99.0397803983,30.0367343490,0
          99.0614603356,29.9315242540,0
          99.0099037960,29.7983685010,0
          98.9898958944,29.6841428568,0
          99.0696817271,29.3396338081,0
          99.1067936595,29.2461078070,0
        </coordinates>
      </LineString>
    </Placemark>
    <Placemark>
      <description>Unknown Line Type</description>
      <styleUrl>#line1</styleUrl>
      <LineString>
        <coordinates>
          97.7718507155,32.5402979664,0
          97.6147581385,32.5314853249,0
          97.5103282257,32.5509923421,0
          97.4318380061,32.5759278297,0
          97.3612254015,32.5654953028,0
          97.3350126352,32.5496937160,0
          97.3290221588,32.5374577540,0
          97.3029371116,32.2947968257,0
          97.3143663342,32.1444118435,0
          97.3178268311,32.0875816090,0
          97.1655385756,32.0368481200,0
          96.8416836572,32.0103125424,0
          96.7841118116,31.7943993234,0
          96.4665302618,31.7676016707,0
          96.1806102968,31.7805535449,0
          95.8707716134,31.7854208190,0
          95.5643180953,31.7409481307,0
          95.5427160292,31.7430014399,0
          95.4856178629,31.7758748521,0
          95.4107557031,31.8528504295,0
          95.3439662835,31.9450842804,0
          95.3422441551,31.9584653652,0
          95.3640945670,31.9923316721,0
          95.4192474989,32.0163085134,0
          95.4499556859,32.0900791297,0
          95.4031175054,32.1871769037,0
          95.1126539858,32.3997885133,0
          94.7553389840,32.6012584032,0
          94.6056503725,32.6734382277,0
          94.4197127115,32.5792962019,0
          94.1281252040,32.4571934888,0
          93.9377358379,32.4638298181,0
          93.5221173457,32.4822547886,0
          93.3660399882,32.5409228139,0
          93.3367533745,32.5772015794,0
          93.2269591470,32.6642850331,0
          92.9926244240,32.7456395298,0
          92.7624211112,32.7266596753,0
          92.5603974514,32.7383212125,0
        </coordinates>
      </LineString>
    </Placemark>
    <Placemark>
      <description>Unknown Line Type</description>
      <styleUrl>#line1</styleUrl>
      <LineString>
        <coordinates>
          92.2085190421,32.8114172953,0
          92.5603974514,32.7383212125,0
        </coordinates>
      </LineString>
    </Placemark>
    <Placemark>
      <description>Unknown Line Type</description>
      <styleUrl>#line1</styleUrl>
      <LineString>
        <coordinates>
          92.2085190421,32.8114172953,0
          92.5603974514,32.7383212125,0
        </coordinates>
      </LineString>
    </Placemark>
    <Placemark>
      <description>Unknown Line Type</description>
      <styleUrl>#line1</styleUrl>
      <LineString>
        <coordinates>
          92.2085190421,32.8114172953,0
          92.2388594307,32.8603304524,0
        </coordinates>
      </LineString>
    </Placemark>
    <Placemark>
      <description>Unknown Line Type</description>
      <styleUrl>#line1</styleUrl>
      <LineString>
        <coordinates>
          92.0610091583,32.8836810894,0
          92.0295420216,32.8388986599,0
        </coordinates>
      </LineString>
    </Placemark>
    <Placemark>
      <description>Unknown Line Type</description>
      <styleUrl>#line1</styleUrl>
      <LineString>
        <coordinates>
          92.0610091583,32.8836810894,0
          92.2388594307,32.8603304524,0
        </coordinates>
      </LineString>
    </Placemark>
    <Placemark>
      <description>Unknown Line Type</description>
      <styleUrl>#line1</styleUrl>
      <LineString>
        <coordinates>
          92.0610091583,32.8836810894,0
          92.2388594307,32.8603304524,0
        </coordinates>
      </LineString>
    </Placemark>
    <Placemark>
      <description>Unknown Line Type</description>
      <styleUrl>#line1</styleUrl>
      <LineString>
        <coordinates>
          108.5270955087,32.2273371005,0
          108.4844048843,32.2884720451,0
          108.2201805144,32.2724543463,0
          108.1514271044,32.2578859907,0
          108.0807164403,32.2428562599,0
          108.0321817115,32.2253801088,0
          107.4274497679,32.4961915213,0
          107.2554990343,32.4171710569,0
          107.2451599179,32.4160515161,0
          107.0613733727,32.4943378091,0
          107.0395443034,32.5216210591,0
          107.0374615183,32.5379474552,0
          107.0711268026,32.6423784600,0
          107.0604935510,32.7206379567,0
          107.0530879749,32.7278128745,0
          106.7633383874,32.7682675233,0
          106.7290236916,32.7649553903,0
          106.7042476641,32.7529522927,0
          106.6696178293,32.7149151002,0
          106.6309075976,32.6872533276,0
          106.4576529165,32.6704806798,0
          106.3633413464,32.6626668384,0
          106.1965269434,32.6926640668,0
          106.1647149288,32.7026058055,0
          106.1036372541,32.7397569555,0
          105.8045774635,32.7663529201,0
          105.6130311935,32.7176812577,0
          105.5798991460,32.7379815287,0
          105.5027978419,32.9183986791,0
        </coordinates>
      </LineString>
    </Placemark>
    <Placemark>
      <description>Unknown Line Type</description>
      <styleUrl>#line1</styleUrl>
      <LineString>
        <coordinates>
          91.1797333650,33.1843970861,0
          91.1453243534,33.1541947746,0
        </coordinates>
      </LineString>
    </Placemark>
    <Placemark>
      <description>Unknown Line Type</description>
      <styleUrl>#line1</styleUrl>
      <LineString>
        <coordinates>
          91.1797333650,33.1843970861,0
          91.2348468239,33.1897882160,0
          91.5608391865,33.0588197500,0
          91.7660276523,32.9662070970,0
          91.9718805126,32.8318694067,0
          92.0039198208,32.8312339909,0
          92.0295419918,32.8388986201,0
          92.0295420216,32.8388986599,0
        </coordinates>
      </LineString>
    </Placemark>
    <Placemark>
      <description>Unknown Line Type</description>
      <styleUrl>#line1</styleUrl>
      <LineString>
        <coordinates>
          92.0295420216,32.8388986599,0
          92.0039198569,32.8312340315,0
          91.9718805487,32.8318694473,0
          91.7660276883,32.9662071377,0
          91.5608392224,33.0588197907,0
          91.2348468598,33.1897882568,0
          91.1797334037,33.1843971248,0
          91.1797333650,33.1843970861,0
        </coordinates>
      </LineString>
    </Placemark>
    <Placemark>
      <description>Unknown Line Type</description>
      <styleUrl>#line1</styleUrl>
      <LineString>
        <coordinates>
          110.9877781064,33.2407887966,0
          111.0606184849,33.1943024532,0
          111.1523520085,33.1223796986,0
          111.2380896719,33.0295878668,0
          111.2131058858,32.9296420505,0
          111.6044787685,32.6506497001,0
          112.3082815925,32.3405636363,0
          112.4287741230,32.3581413186,0
          112.6042840144,32.3808995435,0
          113.0425430192,32.4280403799,0
          113.1978682852,32.4348209342,0
          113.2350886828,32.4221037392,0
          113.3626117003,32.3107009994,0
          113.3879460102,32.3013057518,0
          113.4939945085,32.2902700177,0
          113.5558917774,32.2961078883,0
          113.6004759938,32.3584546214,0
          113.6424681062,32.4164906684,0
          113.6548032139,32.4233997391,0
          113.7204621680,32.4287517252,0
          113.7409261152,32.4304123048,0
          113.7613570721,32.3576340491,0
          113.7653894747,32.3432533563,0
          113.7844978846,32.1640490143,0
          113.7792464964,32.1534951045,0
          113.7267594049,32.1348905219,0
          113.7284022147,32.1190210306,0
          113.7708058561,32.0154405477,0
          113.8629728467,31.8626806000,0
          113.9564139451,31.7434508054,0
          114.0928895197,31.7847880632,0
          114.2944717409,31.8093362523,0
          114.5706383227,31.7883089690,0
          114.5878697080,31.7683018478,0
          114.6557271698,31.6069895524,0
          114.8616114820,31.4778962292,0
          115.2490731434,31.4062859567,0
          115.3529357072,31.4131048275,0
        </coordinates>
      </LineString>
    </Placemark>
    <Placemark>
      <description>Unknown Line Type</description>
      <styleUrl>#line1</styleUrl>
      <LineString>
        <coordinates>
          110.9877781064,33.2407887966,0
          110.9650274390,33.2485511411,0
          110.9459194502,33.2457664834,0
          110.4695185692,33.1707854810,0
          110.2538942421,33.1592691787,0
        </coordinates>
      </LineString>
    </Placemark>
    <Placemark>
      <description>Unknown Line Type</description>
      <styleUrl>#line1</styleUrl>
      <LineString>
        <coordinates>
          110.2538942421,33.1592691787,0
          110.1522106289,33.2094146815,0
          109.8990887882,33.2380462493,0
          109.6281227613,33.2578435657,0
          109.4977130755,33.2275187409,0
          109.4759958060,33.2072544386,0
          109.4503213536,33.1695724859,0
          109.4608185635,33.1511072410,0
          109.7769596379,33.0638197931,0
          110.1277288820,32.8136599391,0
          110.1845446994,32.6573605530,0
          110.1875940687,32.6455089216,0
          110.1597350861,32.6220617480,0
          110.0390348747,32.5541105351,0
          109.9978215837,32.5562985091,0
          109.9170675916,32.5917090040,0
          109.8586501897,32.5961225444,0
          109.5962422020,32.5659059900,0
          109.5320606365,32.5534611367,0
          109.5190859734,32.5458226282,0
          109.4638047376,32.3833778850,0
          109.4696510152,32.2766031751,0
          109.4751813994,32.2659179531,0
          109.4989134117,32.2514885361,0
          109.5489854632,32.2307884045,0
          109.5829170393,32.2167426933,0
          109.5944345642,32.1016367876,0
          109.5805663051,31.7458107934,0
        </coordinates>
      </LineString>
    </Placemark>
    <Placemark>
      <description>Unknown Line Type</description>
      <styleUrl>#line1</styleUrl>
      <LineString>
        <coordinates>
          89.9044811528,33.7790643535,0
          89.9044811200,33.7790643111,0
          89.9016515062,33.7628888189,0
          89.9130835647,33.7448377651,0
          90.0861128569,33.5014329831,0
          90.3732540920,33.2860524746,0
          90.6719792220,33.1739709113,0
          90.8755004009,33.1716551266,0
          90.9543309953,33.1894812144,0
          91.0307179952,33.1767201286,0
          91.1453243534,33.1541947746,0
        </coordinates>
      </LineString>
    </Placemark>
    <Placemark>
      <description>Unknown Line Type</description>
      <styleUrl>#line1</styleUrl>
      <LineString>
        <coordinates>
          91.1453243534,33.1541947746,0
          91.0307180310,33.1767201695,0
          90.9543310310,33.1894812554,0
          90.8755004365,33.1716551675,0
          90.6719792576,33.1739709523,0
          90.3732541275,33.2860525157,0
          90.0861128923,33.5014330243,0
          89.9130836002,33.7448378063,0
          89.9016515416,33.7628888600,0
          89.9044811528,33.7790643535,0
        </coordinates>
      </LineString>
    </Placemark>
    <Placemark>
      <description>Unknown Line Type</description>
      <styleUrl>#line1</styleUrl>
      <LineString>
        <coordinates>
          89.9044811528,33.7790643535,0
          89.9271699463,33.8116882317,0
        </coordinates>
      </LineString>
    </Placemark>
    <Placemark>
      <description>Unknown Line Type</description>
      <styleUrl>#line1</styleUrl>
      <LineString>
        <coordinates>
          89.6356432308,34.0399608514,0
          89.9271699463,33.8116882317,0
        </coordinates>
      </LineString>
    </Placemark>
    <Placemark>
      <description>Unknown Line Type</description>
      <styleUrl>#line1</styleUrl>
      <LineString>
        <coordinates>
          89.6356432308,34.0399608514,0
          89.9271699463,33.8116882317,0
        </coordinates>
      </LineString>
    </Placemark>
    <Placemark>
      <description>Unknown Line Type</description>
      <styleUrl>#line1</styleUrl>
      <LineString>
        <coordinates>
          101.7851507890,33.5154906726,0
          101.7690612168,33.4412523530,0
          101.6588790334,33.1271217360,0
          101.6497634693,33.1126599790,0
          101.6238085867,33.1187704919,0
          101.5392696193,33.2062325275,0
          101.4893063636,33.2324297241,0
          101.2551226495,33.2853705321,0
          101.2268279007,33.2852914442,0
          101.1931201367,33.2751455762,0
          101.1066264003,33.2236131699,0
          101.0970875935,33.2117073754,0
          101.1213456135,32.9128823430,0
          101.1919061841,32.8864005111,0
          101.2155306273,32.8699931584,0
          101.2337181317,32.8319368964,0
          101.2385479572,32.7548903315,0
          101.2015827271,32.6942577942,0
          101.1838995985,32.6797721426,0
          101.1272393736,32.6590364404,0
          100.9392036793,32.6071453362,0
          100.6813938898,32.5383217969,0
          100.6627381461,32.5334597035,0
          100.6006775416,32.5501973373,0
          100.5295588872,32.5848565762,0
          100.2615432238,32.7383218018,0
          100.1116416029,32.8517949804,0
          100.0462154979,32.9278496396,0
          99.8951492208,33.0368101625,0
          99.8932670264,33.0374578480,0
          99.8861102164,33.0399203760,0
          99.8016654915,32.9531499203,0
          99.6905867932,32.7798880899,0
          99.4933441111,32.8634200605,0
          98.9877471062,33.0874176031,0
          98.9055845251,33.1291595826,0
          98.8492042663,33.1588505741,0
          98.8291003306,33.1739869729,0
          98.8054875026,33.2231557676,0
          98.7779660174,33.3580954713,0
          98.7367743059,33.4993047142,0
          98.6215868192,33.6817139327,0
          98.5918343377,33.7231638660,0
          98.5029803565,33.7842003978,0
          98.4378422328,33.8946468441,0
          98.4226826991,33.9391350508,0
          98.4104075703,34.0485863714,0
        </coordinates>
      </LineString>
    </Placemark>
    <Placemark>
      <description>Unknown Line Type</description>
      <styleUrl>#line1</styleUrl>
      <LineString>
        <coordinates>
          89.6356432308,34.0399608514,0
          89.6955128553,34.1188889315,0
        </coordinates>
      </LineString>
    </Placemark>
    <Placemark>
      <description>Unknown Line Type</description>
      <styleUrl>#line1</styleUrl>
      <LineString>
        <coordinates>
          89.6955128553,34.1188889315,0
          89.8378132919,34.1720094839,0
        </coordinates>
      </LineString>
    </Placemark>
    <Placemark>
      <description>Unknown Line Type</description>
      <styleUrl>#line1</styleUrl>
      <LineString>
        <coordinates>
          89.6955128553,34.1188889315,0
          89.8378132919,34.1720094839,0
        </coordinates>
      </LineString>
    </Placemark>
    <Placemark>
      <description>Unknown Line Type</description>
      <styleUrl>#line1</styleUrl>
      <LineString>
        <coordinates>
          89.6955128553,34.1188889315,0
          89.8378132919,34.1720094839,0
        </coordinates>
      </LineString>
    </Placemark>
    <Placemark>
      <description>Unknown Line Type</description>
      <styleUrl>#line1</styleUrl>
      <LineString>
        <coordinates>
          89.6955128553,34.1188889315,0
          89.8378132919,34.1720094839,0
        </coordinates>
      </LineString>
    </Placemark>
    <Placemark>
      <description>Unknown Line Type</description>
      <styleUrl>#line1</styleUrl>
      <LineString>
        <coordinates>
          98.4104075703,34.0485863714,0
          98.2362957084,34.0900833408,0
          97.8321075588,34.2532823158,0
          97.6818677669,34.1326251229,0
          97.3931844599,33.8968982139,0
          97.3632306097,33.8176744698,0
          97.4014808535,33.6232371274,0
          97.4217068155,33.5952906961,0
          97.5120016108,33.5200702734,0
          97.5728612055,33.4733957951,0
          97.4551920450,33.1540497299,0
          97.3596174905,32.9654060451,0
          97.3413581282,32.9174182466,0
          97.3412842611,32.9172239780,0
          97.3779577998,32.7964973224,0
          97.4064065425,32.7378247704,0
          97.5657178266,32.6650361964,0
          97.7718507155,32.5402979664,0
        </coordinates>
      </LineString>
    </Placemark>
    <Placemark>
      <description>Unknown Line Type</description>
      <styleUrl>#line1</styleUrl>
      <LineString>
        <coordinates>
          89.8252251719,34.2557492643,0
          89.8378132919,34.1720094839,0
        </coordinates>
      </LineString>
    </Placemark>
    <Placemark>
      <description>Unknown Line Type</description>
      <styleUrl>#line1</styleUrl>
      <LineString>
        <coordinates>
          89.8252251719,34.2557492643,0
          89.8378132919,34.1720094839,0
        </coordinates>
      </LineString>
    </Placemark>
    <Placemark>
      <description>Unknown Line Type</description>
      <styleUrl>#line1</styleUrl>
      <LineString>
        <coordinates>
          89.8252251719,34.2557492643,0
          89.8601283063,34.3096179443,0
        </coordinates>
      </LineString>
    </Placemark>
    <Placemark>
      <description>Unknown Line Type</description>
      <styleUrl>#line1</styleUrl>
      <LineString>
        <coordinates>
          105.5027978419,32.9183986791,0
          105.4895410427,32.9365214922,0
          105.4374100412,32.9445580415,0
          105.3801778702,32.8932304820,0
          105.3889125874,32.8312378756,0
          105.4609413377,32.7637999712,0
          105.4355325352,32.7415743429,0
          105.2765242368,32.6533198788,0
          105.1366702908,32.6065246542,0
          105.1142319711,32.6046837532,0
          104.8111151214,32.6683102592,0
          104.4442163918,32.7760527169,0
          104.3070719681,32.8463617027,0
          104.2952800505,32.8623280464,0
          104.2907455103,32.8961691096,0
          104.3099281035,32.9483170398,0
          104.3300279451,32.9633815723,0
          104.3875201547,32.9733340163,0
          104.4335520367,33.0341284215,0
          104.3346885346,33.3153119916,0
          104.1720325231,33.5914938433,0
          104.1400506573,33.6401138504,0
          104.0807894009,33.6804191758,0
          103.6223671117,33.7362748241,0
          103.3838592251,33.7549328184,0
          103.1617980812,33.8107988937,0
          103.1550351102,33.8315915227,0
          103.1772969871,33.9088414595,0
          103.1700307081,34.0981453916,0
          103.1163132528,34.1788761036,0
          102.9546448192,34.2986106009,0
          102.9524861968,34.3001176969,0
          102.9337099598,34.3132231607,0
          102.8878830022,34.3234657104,0
          102.8583819924,34.3260557921,0
          102.7950083355,34.3077677366,0
          102.1581303114,33.9419488308,0
          102.3314140354,33.6312008977,0
          102.4452075723,33.5459296966,0
          102.4384353630,33.4572473665,0
          102.2046397207,33.2166457538,0
          101.8859588900,33.1094723041,0
          101.8608129561,33.1087558957,0
          101.8336393223,33.1277505085,0
          101.7903351497,33.2286011501,0
          101.7819098907,33.2558806482,0
          101.8742085551,33.3487005349,0
          101.9089312822,33.4265852209,0
          101.9116155474,33.4819181355,0
          101.8398629134,33.6174788962,0
          101.7851507890,33.5154906726,0
        </coordinates>
      </LineString>
    </Placemark>
    <Placemark>
      <description>Unknown Line Type</description>
      <styleUrl>#line1</styleUrl>
      <LineString>
        <coordinates>
          119.6386353986,31.1316371459,0
          119.3940456620,31.1849119684,0
          118.7889944427,31.2369509108,0
          118.7072541458,31.3241002797,0
          118.6459090291,31.6302103489,0
          118.5324552859,31.7428330922,0
          118.4844070535,31.7964101301,0
          118.3635250835,31.9440240849,0
          118.3607695752,31.9578397975,0
          118.3852767307,32.0589302581,0
          118.3916423708,32.0851443024,0
          118.5733389902,32.5986858387,0
          118.6937549009,32.6117019685,0
          118.7030888025,32.6117322039,0
          118.8494220806,32.6121123542,0
          118.9314391470,32.5764934879,0
          119.0308754666,32.5216366936,0
          119.0706478013,32.4773921009,0
          119.0851443951,32.4612495942,0
          119.1111751784,32.4627297540,0
          119.1385122334,32.4789284210,0
          119.2138486884,32.5965003575,0
          119.2130210418,32.6139905181,0
          119.2034637171,32.8153802124,0
          119.0273943440,32.9681799001,0
          118.9437015270,32.9728621007,0
          118.8849963485,32.9648716375,0
          118.8455270184,32.9594825591,0
          118.7970219235,32.8577477168,0
          118.7534415978,32.7526342490,0
          118.6853878882,32.7399079496,0
          118.3657053897,32.7258695661,0
          118.2309968979,32.8687364532,0
          117.9329508459,33.2438557498,0
          117.9701343323,33.3361019068,0
          118.0214580620,33.4630474896,0
          118.1547125312,33.6872835722,0
          118.1493379511,33.7488682397,0
          118.1490743907,33.7518865056,0
          117.3548688234,34.0471351151,0
          117.1708905307,34.0841848811,0
          117.0809587418,34.1186328116,0
          117.0244316174,34.1543385562,0
          117.0109914466,34.1775407792,0
          116.9736328112,34.2684926846,0
          116.8181194386,34.4238372250,0
          116.6788978391,34.4604471205,0
        </coordinates>
      </LineString>
    </Placemark>
    <Placemark>
      <description>Unknown Line Type</description>
      <styleUrl>#line1</styleUrl>
      <LineString>
        <coordinates>
          116.1617897139,34.5591129103,0
          116.1679312847,34.4884077981,0
          116.2159356422,34.3858054090,0
          116.3567797811,34.3247162771,0
          116.4943358308,34.3076242704,0
          116.5264796224,34.3003980619,0
          116.5547710741,34.2850765920,0
          116.6148369603,34.0306675842,0
          116.5446908653,33.9153514606,0
          116.4263259154,33.8057646356,0
          116.2744923237,33.7463238946,0
          116.1831825017,33.7352243353,0
          116.1627772672,33.7425147912,0
          116.0703218643,33.8081256701,0
          115.9929325176,34.0128637832,0
          115.9898281975,34.0210529699,0
          115.7904863572,34.0747162353,0
          115.7890406522,34.0746569863,0
          115.6669702609,34.0695896130,0
          115.6515862775,34.0689423784,0
          115.6003663699,34.0379963443,0
          115.5681914699,34.0090295576,0
          115.5642318102,33.9819023162,0
          115.5648142068,33.9300420878,0
          115.5371580215,33.5618046848,0
          115.2873467952,33.1688054438,0
          115.2612390162,33.1507723978,0
          115.1449289280,33.0987701946,0
          115.1260077976,32.9037379812,0
          115.1809034809,32.6064338460,0
          115.2674648335,32.5456633867,0
          115.2971937696,32.5321349780,0
          115.5646274129,32.4146847783,0
          115.6510368917,32.4179067884,0
          115.7916363494,32.4876445032,0
          115.8157030974,32.5014297334,0
          115.8519072005,32.5458326082,0
          115.9156412332,32.1924902389,0
          115.9241545614,32.0736440263,0
          115.9079973625,31.8212138795,0
          115.9005677869,31.8031578163,0
          115.7444267175,31.7933220629,0
          115.6557256144,31.7548007794,0
          115.5534052827,31.7102355589,0
          115.5038291127,31.6817038255,0
          115.3687078586,31.5041918995,0
          115.3529357072,31.4131048275,0
        </coordinates>
      </LineString>
    </Placemark>
    <Placemark>
      <description>Unknown Line Type</description>
      <styleUrl>#line1</styleUrl>
      <LineString>
        <coordinates>
          110.3702266189,34.6066905646,0
          110.3596321082,34.5279287568,0
          110.4393310808,34.2984479875,0
          110.5809434807,34.0833005345,0
          110.7895343530,33.7955619497,0
          110.9935133210,33.6208791075,0
          111.0287295858,33.5696202241,0
          111.0348218597,33.5607447218,0
          111.0405983597,33.3628077221,0
          111.0250279075,33.3084496564,0
          110.9877781064,33.2407887966,0
        </coordinates>
      </LineString>
    </Placemark>
    <Placemark>
      <description>Unknown Line Type</description>
      <styleUrl>#line1</styleUrl>
      <LineString>
        <coordinates>
          116.4013416180,34.6766125815,0
          116.1617897139,34.5591129103,0
        </coordinates>
      </LineString>
    </Placemark>
    <Placemark>
      <description>Unknown Line Type</description>
      <styleUrl>#line1</styleUrl>
      <LineString>
        <coordinates>
          116.6788978391,34.4604471205,0
          116.4013416180,34.6766125815,0
        </coordinates>
      </LineString>
    </Placemark>
    <Placemark>
      <description>Unknown Line Type</description>
      <styleUrl>#line1</styleUrl>
      <LineString>
        <coordinates>
          89.7330718764,34.7039482457,0
          89.8601283063,34.3096179443,0
        </coordinates>
      </LineString>
    </Placemark>
    <Placemark>
      <description>Unknown Line Type</description>
      <styleUrl>#line1</styleUrl>
      <LineString>
        <coordinates>
          89.7330718764,34.7039482457,0
          89.8601283063,34.3096179443,0
        </coordinates>
      </LineString>
    </Placemark>
    <Placemark>
      <description>Unknown Line Type</description>
      <styleUrl>#line1</styleUrl>
      <LineString>
        <coordinates>
          89.7330718764,34.7039482457,0
          89.7551157781,34.7298865063,0
        </coordinates>
      </LineString>
    </Placemark>
    <Placemark>
      <description>Unknown Line Type</description>
      <styleUrl>#line1</styleUrl>
      <LineString>
        <coordinates>
          89.7551157781,34.7298865063,0
          89.8260258346,34.7593607154,0
        </coordinates>
      </LineString>
    </Placemark>
    <Placemark>
      <description>Unknown Line Type</description>
      <styleUrl>#line1</styleUrl>
      <LineString>
        <coordinates>
          89.7551157781,34.7298865063,0
          89.8260258346,34.7593607154,0
        </coordinates>
      </LineString>
    </Placemark>
    <Placemark>
      <description>Unknown Line Type</description>
      <styleUrl>#line1</styleUrl>
      <LineString>
        <coordinates>
          89.7551157781,34.7298865063,0
          89.8260258346,34.7593607154,0
        </coordinates>
      </LineString>
    </Placemark>
    <Placemark>
      <description>Unknown Line Type</description>
      <styleUrl>#line1</styleUrl>
      <LineString>
        <coordinates>
          89.7551157781,34.7298865063,0
          89.8260258346,34.7593607154,0
        </coordinates>
      </LineString>
    </Placemark>
    <Placemark>
      <description>Unknown Line Type</description>
      <styleUrl>#line1</styleUrl>
      <LineString>
        <coordinates>
          89.8332928229,34.7933457228,0
          89.8260258346,34.7593607154,0
        </coordinates>
      </LineString>
    </Placemark>
    <Placemark>
      <description>Unknown Line Type</description>
      <styleUrl>#line1</styleUrl>
      <LineString>
        <coordinates>
          89.8332928229,34.7933457228,0
          89.8260258346,34.7593607154,0
        </coordinates>
      </LineString>
    </Placemark>
    <Placemark>
      <description>Unknown Line Type</description>
      <styleUrl>#line1</styleUrl>
      <LineString>
        <coordinates>
          89.8332928229,34.7933457228,0
          89.8552499946,34.8175073772,0
        </coordinates>
      </LineString>
    </Placemark>
    <Placemark>
      <description>Unknown Line Type</description>
      <styleUrl>#line1</styleUrl>
      <LineString>
        <coordinates>
          89.7982787643,34.8971753273,0
          89.8552499946,34.8175073772,0
        </coordinates>
      </LineString>
    </Placemark>
    <Placemark>
      <description>Unknown Line Type</description>
      <styleUrl>#line1</styleUrl>
      <LineString>
        <coordinates>
          89.7982787643,34.8971753273,0
          89.8552499946,34.8175073772,0
        </coordinates>
      </LineString>
    </Placemark>
    <Placemark>
      <description>Unknown Line Type</description>
      <styleUrl>#line1</styleUrl>
      <LineString>
        <coordinates>
          116.4013416180,34.6766125815,0
          116.3672290330,34.7091467520,0
          116.3483669008,34.7471010717,0
          116.3496650525,34.7632440403,0
          116.4197040933,34.8589304049,0
          116.4344451163,34.8790340401,0
          116.8166129730,34.9633845041,0
          116.9569218777,34.8888410838,0
          117.0397428418,34.7721379488,0
          117.1063730486,34.6632999461,0
          117.0927972596,34.6492408859,0
          117.0763954795,34.6267852055,0
          117.0775591098,34.6032187546,0
          117.1595202276,34.4772239825,0
          117.1754542491,34.4577673952,0
          117.1968553401,34.4488317627,0
          117.5247161098,34.4820461633,0
          117.7691093998,34.5164671779,0
          117.8115087720,34.5241038681,0
          117.8259776944,34.5778868278,0
          117.8206277273,34.6338524332,0
          117.8237366061,34.6468221739,0
          117.8266284884,34.6588825088,0
          117.9824588240,34.6823661132,0
          118.1087557014,34.6470352410,0
          118.1521491946,34.5022607322,0
          118.1841470075,34.4019620286,0
          118.2124103798,34.3988157452,0
          118.3793701174,34.4203656219,0
          118.4043564136,34.4464131016,0
          118.4043805496,34.4464981152,0
          118.4800690603,34.7118001780,0
          118.5309761749,34.7223774273,0
          118.6964007719,34.7595442420,0
          118.8457665621,35.0233540434,0
          118.8743115575,35.0338557217,0
          118.9085062631,35.0464236671,0
          119.1768694291,35.0871347485,0
          119.2900676663,35.0971503172,0
        </coordinates>
      </LineString>
    </Placemark>
    <Placemark>
      <description>Unknown Line Type</description>
      <styleUrl>#line1</styleUrl>
      <LineString>
        <coordinates>
          105.9017725168,35.4175026052,0
          105.9199999259,35.4182324769,0
        </coordinates>
      </LineString>
    </Placemark>
    <Placemark>
      <description>Unknown Line Type</description>
      <styleUrl>#line1</styleUrl>
      <LineString>
        <coordinates>
          105.9017725168,35.4175026052,0
          105.9199999259,35.4182324769,0
        </coordinates>
      </LineString>
    </Placemark>
    <Placemark>
      <description>Unknown Line Type</description>
      <styleUrl>#line1</styleUrl>
      <LineString>
        <coordinates>
          79.0284216322,34.3587209886,0
          79.0286913624,34.4084604056,0
          79.0361128453,34.4224582996,0
          79.0470717601,34.4308964873,0
          79.1430753494,34.4553290192,0
          79.1575131246,34.4513159048,0
          79.1733299790,34.4307034184,0
          79.2005432920,34.4157375776,0
          79.4256389681,34.4270229920,0
          79.6320928847,34.4421230017,0
          79.7700281921,34.4615263406,0
          79.8697093750,34.5047849942,0
          79.8673996629,34.5282932366,0
          79.8384177939,34.5612661676,0
          79.8652506128,34.6770186712,0
          79.9163835277,34.8801948526,0
          80.1654051791,35.1085958658,0
          80.3428932924,35.2452847041,0
          80.3349410545,35.2618806242,0
          80.2870386963,35.2842056085,0
          80.2804287523,35.3264992940,0
          80.2908915633,35.3592200575,0
          80.2932523045,35.3636788193,0
          80.3192463924,35.4127381473,0
          80.4169766626,35.4745288233,0
          80.4410822133,35.4681829058,0
          80.9814042145,35.3059591830,0
        </coordinates>
      </LineString>
    </Placemark>
    <Placemark>
      <description>Unknown Line Type</description>
      <styleUrl>#line1</styleUrl>
      <LineString>
        <coordinates>
          89.7982787643,34.8971753273,0
          89.6433936407,34.8604125334,0
          89.6052593214,34.8719314568,0
          89.5655789730,34.8958807623,0
          89.5550136043,34.9190309973,0
          89.4445353407,35.2102406946,0
          89.4930811553,35.3612902239,0
          89.6125450412,35.4010027284,0
          89.7139370439,35.5040055325,0
          89.7357636240,35.7346880923,0
          89.7095775569,35.8487422529,0
          89.6002600987,35.8452218439,0
          89.5342210892,35.8527667550,0
          89.4316426148,35.9003445741,0
          89.3937086967,36.0088719885,0
          89.3998432166,36.0594394374,0
          89.4236194062,36.0553080410,0
          89.4867597587,36.0260495909,0
          89.5043027209,36.0273927538,0
          89.6355617988,36.0763885945,0
          89.6693230333,36.1177023398,0
        </coordinates>
      </LineString>
    </Placemark>
    <Placemark>
      <description>Unknown Line Type</description>
      <styleUrl>#line1</styleUrl>
      <LineString>
        <coordinates>
          115.4832455808,36.1601845304,0
          115.4226210683,36.0092177416,0
          115.4307723136,35.8580236071,0
          115.4563024237,35.8745412101,0
          115.6705025599,35.9598905935,0
          115.7005389645,35.9718146687,0
          115.9881351971,36.0595154570,0
          116.0623075383,36.0803780175,0
          116.0686431240,36.0821574816,0
          116.0292991461,36.0386581781,0
          115.9790492094,35.9979731122,0
          115.8434191409,35.9191770383,0
          115.4178173599,35.6410232944,0
          115.0434791075,35.3865538461,0
          114.9483609098,35.2878120711,0
          114.8518611952,35.1859947013,0
          114.8116648294,35.0290070917,0
          114.9070478904,34.9890752947,0
          115.0221181640,34.9974555545,0
          115.0901322375,35.0231747932,0
          115.1272059076,35.0041471483,0
          115.1796530136,34.9771943485,0
          115.4025833186,34.8113267744,0
          115.4155799975,34.7843607763,0
          115.4425051666,34.6974861284,0
          115.4588731585,34.6378397126,0
          115.4625213117,34.6245325830,0
          115.4934142115,34.5963752593,0
          115.5297445713,34.5755751820,0
          115.6170499838,34.5637917766,0
          115.8354970106,34.5599578870,0
          115.9086110300,34.5748652733,0
          115.9577631595,34.5953490218,0
          116.0171666847,34.6017083069,0
          116.1617897139,34.5591129103,0
        </coordinates>
      </LineString>
    </Placemark>
    <Placemark>
      <description>Unknown Line Type</description>
      <styleUrl>#line1</styleUrl>
      <LineString>
        <coordinates>
          89.6693230333,36.1177023398,0
          89.8142052871,36.0844827397,0
          89.9468454174,36.0848248678,0
          90.0182786355,36.2364820876,0
          90.5463485867,36.1553091359,0
          90.7053600163,36.1276438325,0
          90.8317128383,36.0269720617,0
          90.8938063149,36.0289143527,0
          90.9244123638,36.0403362987,0
          91.0734851662,36.1051719809,0
          91.0871284523,36.1374760659,0
          91.0879428080,36.1473071926,0
        </coordinates>
      </LineString>
    </Placemark>
    <Placemark>
      <description>Unknown Line Type</description>
      <styleUrl>#line1</styleUrl>
      <LineString>
        <coordinates>
          114.0244998439,36.2709363090,0
          114.0810506198,36.2495881398,0
          114.3576800713,36.2696938893,0
          114.7101215448,36.1468680348,0
          114.8936595306,36.1354784807,0
          115.0468715818,36.1633651157,0
          115.1224679314,36.2123288973,0
          115.4832455808,36.1601845304,0
        </coordinates>
      </LineString>
    </Placemark>
    <Placemark>
      <description>Unknown Line Type</description>
      <styleUrl>#line1</styleUrl>
      <LineString>
        <coordinates>
          110.3702266189,34.6066905646,0
          110.4117654363,34.6016089181,0
          110.5371427759,34.5977887835,0
          110.6209961221,34.5957408737,0
          110.7933404992,34.6698217555,0
          111.1333190266,34.7969328592,0
          111.3767144979,34.8353910013,0
          111.6647143934,34.9862662632,0
          111.8304559487,35.0788292109,0
          112.0686856050,35.2138051211,0
          112.3258288440,35.2492245019,0
          112.6219478262,35.2425360321,0
          112.7826767825,35.2159778746,0
          113.1605474359,35.3364068065,0
          113.5385868026,35.5603817970,0
          113.6418699267,35.6478718947,0
          113.6884138623,35.8386259604,0
          113.7312561805,36.0454303220,0
          113.7376218129,36.1550086432,0
          113.7470320740,36.3346978075,0
        </coordinates>
      </LineString>
    </Placemark>
    <Placemark>
      <description>Unknown Line Type</description>
      <styleUrl>#line1</styleUrl>
      <LineString>
        <coordinates>
          113.7470320740,36.3346978075,0
          114.0244998439,36.2709363090,0
        </coordinates>
      </LineString>
    </Placemark>
    <Placemark>
      <description>Unknown Line Type</description>
      <styleUrl>#line1</styleUrl>
      <LineString>
        <coordinates>
          80.9814042145,35.3059591830,0
          81.1797460810,35.3693481265,0
          81.4392478692,35.3524161217,0
          81.4873514068,35.3151642242,0
          81.4971529556,35.2977700926,0
          81.5184723649,35.2599060593,0
          81.5439387607,35.2431796615,0
          81.6438212196,35.2395132138,0
          81.8526632990,35.2566476757,0
          81.9484018106,35.2784437289,0
          82.0222778137,35.3095443994,0
          82.0422763153,35.3360916893,0
          82.0267870525,35.3994913477,0
          82.0362146842,35.4373605711,0
          82.4173682032,35.7248660080,0
          82.8098599393,35.6945663999,0
          82.9597945470,35.6601149340,0
          82.9707065352,35.6411679397,0
          82.9737883778,35.5892023490,0
          82.9649939573,35.5394247644,0
          82.9712745146,35.5187076144,0
          83.0408918994,35.4547174393,0
          83.1722484714,35.3972007948,0
          83.8185222757,35.3626863522,0
          84.2082400499,35.3849836153,0
          84.3816336669,35.4494782677,0
          84.8135544160,35.6341958337,0
          84.8786440127,35.6767641321,0
          85.0106160652,35.7509346678,0
          85.0290600891,35.7550755648,0
          85.3050433635,35.7530526534,0
          85.6423023207,35.7167672357,0
          85.9727820415,35.8090572264,0
          86.0749720302,35.8516307918,0
          86.1330012267,35.9548698961,0
          86.1700634675,36.0366323103,0
          86.1965507325,36.1335310149,0
          86.2168698295,36.1630514568,0
          86.4123859048,36.2314190009,0
          87.0439856821,36.3044366636,0
          87.5580772507,36.3392732179,0
          88.1316441753,36.4294467415,0
          88.2166772604,36.4514901319,0
          88.2491992559,36.4744336710,0
          88.3540971392,36.4909369013,0
          88.4646059192,36.4882445232,0
          88.4756842798,36.4849328576,0
          88.5840349266,36.4497524264,0
          89.1536513485,36.2607738399,0
          89.4646998403,36.1739676797,0
          89.6693230333,36.1177023398,0
        </coordinates>
      </LineString>
    </Placemark>
    <Placemark>
      <description>Unknown Line Type</description>
      <styleUrl>#line1</styleUrl>
      <LineString>
        <coordinates>
          90.7134284499,36.8120182745,0
          90.7134284168,36.8120182320,0
          90.7129638639,36.6681844126,0
          90.7403033152,36.6011321964,0
          90.8504204809,36.5571466984,0
          91.0315273770,36.4326304728,0
          91.0238437096,36.3449807965,0
          91.0431190853,36.2225894521,0
          91.0879428080,36.1473071926,0
        </coordinates>
      </LineString>
    </Placemark>
    <Placemark>
      <description>Unknown Line Type</description>
      <styleUrl>#line1</styleUrl>
      <LineString>
        <coordinates>
          91.0879428080,36.1473071926,0
          91.0431191225,36.2225894929,0
          91.0238437468,36.3449808372,0
          91.0315274143,36.4326305135,0
          90.8504205181,36.5571467392,0
          90.7403033524,36.6011322372,0
          90.7129639012,36.6681844534,0
          90.7134284499,36.8120182745,0
        </coordinates>
      </LineString>
    </Placemark>
    <Placemark>
      <description>Unknown Line Type</description>
      <styleUrl>#line1</styleUrl>
      <LineString>
        <coordinates>
          90.7134284499,36.8120182745,0
          90.8468823220,36.9171954579,0
        </coordinates>
      </LineString>
    </Placemark>
    <Placemark>
      <description>Unknown Line Type</description>
      <styleUrl>#line1</styleUrl>
      <LineString>
        <coordinates>
          90.8468823220,36.9171954579,0
          91.1071324226,36.9798241515,0
        </coordinates>
      </LineString>
    </Placemark>
    <Placemark>
      <description>Unknown Line Type</description>
      <styleUrl>#line1</styleUrl>
      <LineString>
        <coordinates>
          90.8468823220,36.9171954579,0
          91.1071324226,36.9798241515,0
        </coordinates>
      </LineString>
    </Placemark>
    <Placemark>
      <description>Unknown Line Type</description>
      <styleUrl>#line1</styleUrl>
      <LineString>
        <coordinates>
          90.8468823220,36.9171954579,0
          91.1071324226,36.9798241515,0
        </coordinates>
      </LineString>
    </Placemark>
    <Placemark>
      <description>Unknown Line Type</description>
      <styleUrl>#line1</styleUrl>
      <LineString>
        <coordinates>
          90.8468823220,36.9171954579,0
          91.1071324226,36.9798241515,0
        </coordinates>
      </LineString>
    </Placemark>
    <Placemark>
      <description>Unknown Line Type</description>
      <styleUrl>#line1</styleUrl>
      <LineString>
        <coordinates>
          91.1071324226,36.9798241515,0
          91.1436657128,37.0195708106,0
        </coordinates>
      </LineString>
    </Placemark>
    <Placemark>
      <description>Unknown Line Type</description>
      <styleUrl>#line1</styleUrl>
      <LineString>
        <coordinates>
          91.2992006364,37.0240861767,0
          91.1436657128,37.0195708106,0
        </coordinates>
      </LineString>
    </Placemark>
    <Placemark>
      <description>Unknown Line Type</description>
      <styleUrl>#line1</styleUrl>
      <LineString>
        <coordinates>
          91.2992006364,37.0240861767,0
          91.1436657128,37.0195708106,0
        </coordinates>
      </LineString>
    </Placemark>
    <Placemark>
      <description>Unknown Line Type</description>
      <styleUrl>#line1</styleUrl>
      <LineString>
        <coordinates>
          91.2992006364,37.0240861767,0
          91.1436657128,37.0195708106,0
        </coordinates>
      </LineString>
    </Placemark>
    <Placemark>
      <description>Unknown Line Type</description>
      <styleUrl>#line1</styleUrl>
      <LineString>
        <coordinates>
          91.2992006364,37.0240861767,0
          91.1436657128,37.0195708106,0
        </coordinates>
      </LineString>
    </Placemark>
    <Placemark>
      <description>Unknown Line Type</description>
      <styleUrl>#line1</styleUrl>
      <LineString>
        <coordinates>
          91.2992006364,37.0240861767,0
          91.3093467596,37.0419655666,0
        </coordinates>
      </LineString>
    </Placemark>
    <Placemark>
      <description>Unknown Line Type</description>
      <styleUrl>#line1</styleUrl>
      <LineString>
        <coordinates>
          91.2877265927,37.0975287550,0
          91.3093467596,37.0419655666,0
        </coordinates>
      </LineString>
    </Placemark>
    <Placemark>
      <description>Unknown Line Type</description>
      <styleUrl>#line1</styleUrl>
      <LineString>
        <coordinates>
          91.2877265927,37.0975287550,0
          91.3093467596,37.0419655666,0
        </coordinates>
      </LineString>
    </Placemark>
    <Placemark>
      <description>Unknown Line Type</description>
      <styleUrl>#line1</styleUrl>
      <LineString>
        <coordinates>
          105.5027978419,32.9183986791,0
          105.5845155160,32.8868463244,0
          105.6155728421,32.8830582302,0
          105.7582406966,32.9233503402,0
          105.8505954929,32.9528193332,0
          105.8880014209,32.9725711591,0
          105.9152224969,33.0109936567,0
          105.9806100279,33.1997555579,0
          105.9079871379,33.2447862111,0
          105.8617386282,33.2368862531,0
          105.8155537446,33.2507194007,0
          105.7399486328,33.3043582561,0
          105.6926606160,33.3942349554,0
          105.7000194230,33.4076142736,0
          105.9534780177,33.6075421335,0
          105.9567302280,33.6090784941,0
          105.9733393697,33.6169225059,0
          106.3734315533,33.6384172307,0
          106.4486393277,33.7872111589,0
          106.4134352054,33.9242739581,0
          106.4692575786,34.1173642644,0
          106.5380210574,34.2433594395,0
          106.6427027731,34.2571439953,0
          106.6694183971,34.2585150165,0
          106.6842065255,34.2827585169,0
          106.7059606054,34.3759944220,0
          106.5625621198,34.4642839421,0
          106.4985293927,34.4949500390,0
          106.4472286763,34.5056860135,0
          106.4462315993,34.6409788258,0
          106.4822258526,35.0264035138,0
          106.5480157325,35.0931747764,0
          106.5935824742,35.1002067872,0
          106.8975024251,35.1145693552,0
          107.0430248236,35.0460690017,0
          107.0781510019,35.0294906993,0
          107.1018075507,34.9684326106,0
          107.1963669507,34.8920229329,0
          107.5101296719,34.9089475883,0
          107.8312904614,34.9765430107,0
          107.8699254876,35.0006959517,0
          107.8669927942,35.0167425547,0
          107.8641337140,35.0323801938,0
          107.8550793906,35.0432427946,0
          107.7505749001,35.0904020927,0
          107.6715307740,35.2205927223,0
          107.6685868962,35.2369983071,0
          107.7047167685,35.2979834929,0
          107.7495527709,35.3149044530,0
          107.7530557558,35.3162254063,0
          107.7720329693,35.3190262846,0
          107.8758982777,35.2808082939,0
          107.9577804919,35.2359280578,0
          108.4777807422,35.2962999679,0
          108.6097529506,35.3922949427,0
          108.6232605360,35.4119574412,0
          108.6297913652,35.4459504133,0
          108.6024421689,35.5224822492,0
          108.5740760560,35.5707708039,0
          108.5535349956,35.6056965222,0
          108.5357740365,35.6358671849,0
          108.5223246759,35.7428257629,0
          108.5212148766,35.8761945249,0
          108.5409870722,35.9121780480,0
          108.6131570248,35.9624224179,0
          108.6799889954,35.9973090440,0
          108.7181317424,36.0996936917,0
          108.7204642860,36.1531340256,0
          108.6698298730,36.3823318204,0
          108.6608840317,36.3961541506,0
          108.6282984436,36.4464544302,0
          108.3400265654,36.5554178752,0
          107.7489278524,36.8189323484,0
          107.6741532606,36.8304473409,0
          107.5324007486,36.8510147951,0
          107.3913446466,36.8806283085,0
          107.2891757981,36.9266045497,0
          107.2492506894,37.1070836365,0
        </coordinates>
      </LineString>
    </Placemark>
    <Placemark>
      <description>Unknown Line Type</description>
      <styleUrl>#line1</styleUrl>
      <LineString>
        <coordinates>
          91.2877265927,37.0975287550,0
          91.2587760383,37.1717988167,0
        </coordinates>
      </LineString>
    </Placemark>
    <Placemark>
      <description>Unknown Line Type</description>
      <styleUrl>#line1</styleUrl>
      <LineString>
        <coordinates>
          91.2877265927,37.0975287550,0
          91.2587760383,37.1717988167,0
        </coordinates>
      </LineString>
    </Placemark>
    <Placemark>
      <description>Unknown Line Type</description>
      <styleUrl>#line1</styleUrl>
      <LineString>
        <coordinates>
          91.2877265927,37.0975287550,0
          91.2587760383,37.1717988167,0
        </coordinates>
      </LineString>
    </Placemark>
    <Placemark>
      <description>Unknown Line Type</description>
      <styleUrl>#line1</styleUrl>
      <LineString>
        <coordinates>
          91.2877265927,37.0975287550,0
          91.2587760383,37.1717988167,0
        </coordinates>
      </LineString>
    </Placemark>
    <Placemark>
      <description>Unknown Line Type</description>
      <styleUrl>#line1</styleUrl>
      <LineString>
        <coordinates>
          104.1908856635,37.4090906043,0
          104.3125018707,37.4225543046,0
          104.6400528575,37.3870082374,0
          105.1423029290,37.0264603330,0
          105.2810188737,36.8355480750,0
          105.2975140979,36.7913781506,0
          105.4943697962,36.1552351868,0
          105.4804084751,36.1235059707,0
          105.3880168371,36.0867275553,0
          105.3316409959,36.0547374316,0
          105.3182813850,36.0347428565,0
          105.3219995619,35.8948905544,0
          105.4528184453,35.7402754808,0
          105.5318910705,35.6844897958,0
          105.7646765524,35.7113512962,0
          106.0171699202,35.5057721423,0
          106.3326952943,35.2747774626,0
          106.3587921577,35.2629612115,0
          106.4622198787,35.3443346284,0
          106.4939597371,35.4016200530,0
          106.5099552132,35.4665474157,0
          106.5183430142,35.5344482085,0
          106.9115253123,35.7840925775,0
          106.9542126475,35.9425824337,0
          106.9584564028,35.9600749134,0
          106.9418240737,36.1214437745,0
          106.8431372275,36.2308586509,0
          106.8361456528,36.2385954765,0
          106.8243708684,36.2456226902,0
          106.6810871289,36.2870411779,0
          106.5252392877,36.3211686915,0
          106.3682562762,36.5357502152,0
          106.3609726562,36.5523758941,0
          106.6145582991,37.1096472980,0
          106.6297526974,37.1225155965,0
          106.6312626328,37.1237941021,0
          106.9002270208,37.1454231142,0
          107.1716318287,37.1308646244,0
          107.2206693631,37.1204574247,0
          107.2492506894,37.1070836365,0
        </coordinates>
      </LineString>
    </Placemark>
    <Placemark>
      <description>Unknown Line Type</description>
      <styleUrl>#line1</styleUrl>
      <LineString>
        <coordinates>
          107.2492506894,37.1070836365,0
          107.3072002562,37.1107842934,0
          107.3280678902,37.1679821087,0
          107.3146472720,37.2584546613,0
          107.2701407671,37.3349162646,0
          107.2736771739,37.4141376018,0
          107.3063491639,37.5885568550,0
          107.4581995515,37.6967983096,0
          107.6137154343,37.7990026972,0
          107.6436235705,37.8339913196,0
          107.6394891984,37.8786684950,0
        </coordinates>
      </LineString>
    </Placemark>
    <Placemark>
      <description>Unknown Line Type</description>
      <styleUrl>#line1</styleUrl>
      <LineString>
        <coordinates>
          117.8310134145,38.2230553422,0
          117.8085625805,38.1733953527,0
          117.7822277864,38.1477712228,0
          117.4102461198,37.8822701119,0
          117.2128295109,37.8488748569,0
          117.0527647236,37.8428002175,0
          116.9536409379,37.8389389206,0
          116.8986030652,37.8367621308,0
          116.8155125522,37.8334313888,0
          116.7512129949,37.7897841185,0
          116.3629357854,37.5207030047,0
          116.0068862979,37.3655104603,0
          115.9779250607,37.3506410811,0
          115.9428701258,37.2625608993,0
          115.8486498804,37.0759896073,0
          115.7149378903,36.9012767380,0
          115.5389447925,36.7779598374,0
          115.5043400495,36.7513796553,0
          115.4382416556,36.7005316475,0
          115.3594814923,36.6398099713,0
          115.2919826978,36.5271154988,0
          115.2769969391,36.4793377997,0
          115.2758172507,36.4755743621,0
          115.2984111280,36.4201428800,0
          115.3328523654,36.3950308916,0
          115.3664424007,36.3705146529,0
          115.4578182194,36.2795214265,0
          115.4787539122,36.2187610360,0
          115.4832455808,36.1601845304,0
        </coordinates>
      </LineString>
    </Placemark>
    <Placemark>
      <description>Unknown Line Type</description>
      <styleUrl>#line1</styleUrl>
      <LineString>
        <coordinates>
          91.2587760383,37.1717988167,0
          91.1996647076,37.2029167829,0
          91.1860402815,37.2166320990,0
          91.1241924853,37.3527190809,0
          91.0942102678,37.4624097631,0
          90.8671989596,37.6132454203,0
          90.6635335236,37.7078339802,0
          90.5927663201,37.7060436029,0
          90.5390715926,37.7164493800,0
          90.5008181360,37.7564265026,0
          90.5263923120,38.2981409278,0
          90.5108545193,38.3059207880,0
          90.3649132330,38.2869442184,0
          90.3480622022,38.2472602268,0
          90.2933597952,38.2415972999,0
          90.1828714619,38.3144624688,0
          90.1233178994,38.4063589274,0
          90.1180333815,38.4718990073,0
          90.2752620377,38.4770035273,0
          91.8477891159,38.8437132638,0
          92.2814509861,38.9983812814,0
          92.3924411164,39.0562004204,0
        </coordinates>
      </LineString>
    </Placemark>
    <Placemark>
      <description>Unknown Line Type</description>
      <styleUrl>#line1</styleUrl>
      <LineString>
        <coordinates>
          98.0436921784,38.8163719736,0
          98.1683445875,38.8401999194,0
          98.5681603949,38.9344872721,0
          98.5971293651,38.9539099034,0
          98.6769797608,39.0806463640,0
          98.6958268514,39.0956742733,0
          98.7883540346,39.0725718044,0
          99.0554051789,38.8988187813,0
          99.4311013316,38.6261426023,0
          99.5192822097,38.5488861252,0
          99.7112830215,38.4130985103,0
          99.8732914281,38.3362835051,0
          100.1709991539,38.2412337298,0
          100.1389294146,38.3280742135,0
          100.2983389290,38.3559746838,0
          100.7417045615,38.2349633156,0
          100.9186798627,38.1616562066,0
          100.9259337104,38.1544772079,0
          100.9644824510,38.0061638216,0
          101.1916376321,37.8347952076,0
          101.3556067060,37.7795149245,0
          101.8342472462,37.6477701769,0
          101.8466083342,37.6493433840,0
          101.9160963703,37.6927636066,0
          102.0243746149,37.7019698393,0
          102.0413692149,37.6847431773,0
          102.1619886794,37.5621886853,0
          102.4817428136,37.2280004993,0
          102.5132253809,37.1140187552,0
          102.5504128296,36.9542281201,0
          102.6162071712,36.7220205284,0
          102.8442705594,36.3326113058,0
          103.0160908359,36.2047980231,0
          102.9497173840,35.8446133648,0
          102.8103567436,35.5170351755,0
          102.7840587754,35.4889512323,0
          102.7490684607,35.4908594806,0
          102.5686762999,35.5611765265,0
          102.5242865868,35.5841384400,0
          102.5041452066,35.5861615843,0
          102.3091716185,35.4193928251,0
          102.2957400573,35.3974388960,0
          102.2724497775,35.3107282154,0
          102.2926292802,35.3020162708,0
          102.3411122121,35.2993753989,0
          102.3559923485,35.2914473051,0
          102.3847528832,35.2265848050,0
          102.3946088390,35.2037140771,0
          102.3886895580,35.1799355948,0
          102.2688205997,35.0792609785,0
          102.1099677285,35.0291412132,0
          102.1046903907,35.0274715750,0
          101.9333236629,34.8812327915,0
          101.9191822902,34.7911588242,0
          101.9181774193,34.7847501916,0
          101.9476181194,34.5743377356,0
          101.9851046445,34.5483863741,0
          102.0112814528,34.5408153008,0
          102.0596183783,34.5368756860,0
          102.0994487085,34.5336149517,0
          102.1704300034,34.4895583859,0
          102.2437344625,34.3654218224,0
          102.2421222175,34.3511707035,0
          101.9606686874,34.1117911490,0
          101.7359177091,34.0863862559,0
          101.3937795476,34.2381180066,0
          101.2028179781,34.3276009145,0
          100.9440251993,34.3826554518,0
          100.9207224281,34.3875824351,0
          100.9087856165,34.3870960883,0
          100.8036066732,34.3361129329,0
          100.7763053281,34.2098013893,0
          100.7702603867,34.1817764289,0
          101.1821510675,33.6813347798,0
          101.6235099887,33.4870726404,0
          101.6385143317,33.4805725925,0
          101.6822686808,33.4778803061,0
          101.7374022367,33.4834431416,0
          101.7851507890,33.5154906726,0
        </coordinates>
      </LineString>
    </Placemark>
    <Placemark>
      <description>Unknown Line Type</description>
      <styleUrl>#line1</styleUrl>
      <LineString>
        <coordinates>
          106.8305505547,39.1659145414,0
          106.9073283162,39.0882302812,0
          106.8615586903,38.9012777880,0
          106.7819935551,38.8206369974,0
          106.7011967547,38.7385236939,0
          106.5358743994,38.3024154679,0
          106.5425570558,38.2861096048,0
          106.5694779975,38.2543081809,0
          107.0053494086,38.1318954733,0
          107.0748888325,38.1392804772,0
          107.1865618501,38.1689213875,0
          107.2301933989,38.1655164763,0
          107.3388709622,38.1098489684,0
          107.4839509440,37.9409018495,0
          107.5465749921,37.9049757463,0
          107.6394891984,37.8786684950,0
        </coordinates>
      </LineString>
    </Placemark>
    <Placemark>
      <description>Unknown Line Type</description>
      <styleUrl>#line1</styleUrl>
      <LineString>
        <coordinates>
          92.3924411164,39.0562004204,0
          92.5022092211,39.1223997924,0
          93.1196802201,39.1786919531,0
          93.1459311784,39.1524353668,0
          93.2061233853,39.0601745575,0
          93.2051878852,38.9190678069,0
          93.2125360989,38.9136404772,0
          93.2736829724,38.9100382490,0
          93.6205869518,38.9475694760,0
          93.7355446898,38.9299985196,0
          93.8753970058,38.8711250435,0
          94.4204706482,38.5883392711,0
          94.5333611606,38.3659499160,0
          95.1020966364,38.4243616338,0
          95.2024181342,38.3737957430,0
          95.2368083158,38.3107171401,0
          95.2485858129,38.2987924015,0
          95.2793769693,38.2860159122,0
          95.5522891788,38.3200093733,0
          95.6387848241,38.3619653857,0
          95.6646548899,38.4030395081,0
          95.6937226194,38.4099481371,0
          95.7281353932,38.4029639648,0
          95.8155490390,38.3723832902,0
          95.8395511965,38.3614875813,0
          96.0025277669,38.2437346490,0
          96.1939983042,38.1649597228,0
          96.2429256414,38.1653269345,0
          96.2834569644,38.1770381002,0
          96.6343567575,38.3345819178,0
          97.0065744362,38.5859989795,0
          97.0205514575,38.5978291784,0
          97.0287681544,38.6113446325,0
          97.0282343643,38.6744799367,0
          96.9769720874,38.7974101864,0
          96.9515905504,38.9424091461,0
          96.9654890475,39.1984238974,0
          97.0985446247,39.2123409090,0
          97.3363347952,39.1762171358,0
          97.3971540188,39.1513018770,0
          97.4290154572,39.1382318058,0
          97.4910181339,39.0894885432,0
          97.6815843050,38.9853798230,0
          98.0436921784,38.8163719736,0
        </coordinates>
      </LineString>
    </Placemark>
    <Placemark>
      <description>Unknown Line Type</description>
      <styleUrl>#line1</styleUrl>
      <LineString>
        <coordinates>
          111.2467391280,39.2725510727,0
          111.1991414769,39.2463760542,0
          111.1808683640,39.2283096742,0
          111.0267315707,38.9582493268,0
          110.9126033014,38.7171372387,0
          110.8715803285,38.5376185359,0
          110.8592394555,38.4990898806,0
          110.7089393747,38.3962581007,0
          110.5948931134,38.2957159857,0
          110.5382564045,38.2262992232,0
          110.5291834954,38.2038823316,0
          110.5025574227,38.1380162038,0
          110.4982569723,38.0480818882,0
          110.5162648669,37.9834443658,0
          110.6558211683,37.8228517281,0
          110.7275468029,37.7569597025,0
          110.7480401149,37.7215704582,0
          110.7669002255,37.6889697774,0
          110.7880434343,37.6081950255,0
          110.7819245293,37.5485361729,0
          110.7052747934,37.3338267476,0
          110.6981787556,37.3160603406,0
          110.4517555606,37.0423785460,0
          110.4287263437,37.0254290138,0
          110.4605782251,36.3557040266,0
          110.5278128231,35.9030135274,0
          110.5472126139,35.8372363141,0
          110.5647526377,35.7776646915,0
          110.5970382592,35.6677631927,0
          110.5493713974,35.4987617747,0
          110.4690690953,35.3554551255,0
          110.4447220083,35.3227719009,0
          110.4357798368,35.3107597892,0
          110.4322563892,35.3060256073,0
          110.4035239157,35.2673937453,0
          110.3518567563,35.1607520682,0
          110.3218778861,35.0796459864,0
          110.3002361127,35.0209847431,0
          110.2907432557,34.9852957901,0
          110.2719034235,34.9143653146,0
          110.2575294345,34.7486256457,0
          110.2635661738,34.6453302971,0
          110.2927360891,34.6202732671,0
          110.3135052854,34.6118748943,0
          110.3702266189,34.6066905646,0
        </coordinates>
      </LineString>
    </Placemark>
    <Placemark>
      <description>Unknown Line Type</description>
      <styleUrl>#line1</styleUrl>
      <LineString>
        <coordinates>
          111.1132082981,39.3825189842,0
          111.2467391280,39.2725510727,0
        </coordinates>
      </LineString>
    </Placemark>
    <Placemark>
      <description>Unknown Line Type</description>
      <styleUrl>#line1</styleUrl>
      <LineString>
        <coordinates>
          104.1908856635,37.4090906043,0
          104.2567171291,37.4701605969,0
          104.4047597180,37.5207477532,0
          104.5647865259,37.5164301463,0
          104.8319807471,37.5301878654,0
          104.9776522571,37.5477330646,0
          105.3401219014,37.7156024525,0
          105.4497478744,37.7119656069,0
          105.5803517442,37.7075113845,0
          105.7388512915,37.7870912643,0
          105.8126366240,37.8784715254,0
          105.8517293401,38.0023877296,0
          105.8364457510,38.0318779248,0
          105.7768907136,38.0901892180,0
          105.7540095796,38.1456209959,0
          105.8720717821,38.7175722008,0
          105.8769477375,38.7375061589,0
          105.8966371172,38.8178929607,0
          105.9104226562,38.8447700515,0
          106.0465525392,39.0346231972,0
          106.0897408805,39.0838319743,0
          106.1153089831,39.1129278373,0
          106.2915743635,39.2792338753,0
          106.5804975987,39.3836253592,0
          106.6236034767,39.3938078134,0
          106.7282635504,39.3914064557,0
          106.7504756141,39.3845441082,0
          106.7545737379,39.3832775043,0
          106.7822194189,39.3593340305,0
          106.7950251657,39.3278578831,0
          106.8305505547,39.1659145414,0
        </coordinates>
      </LineString>
    </Placemark>
    <Placemark>
      <description>Unknown Line Type</description>
      <styleUrl>#line1</styleUrl>
      <LineString>
        <coordinates>
          107.6394891984,37.8786684950,0
          107.6475775148,37.8890222938,0
          107.6656509089,37.8946075269,0
          107.6940494521,37.8908925644,0
          107.9617078445,37.7829368872,0
          108.0101772522,37.6842865681,0
          108.0648010687,37.6189335202,0
          108.2164587985,37.6170349638,0
          108.7442281471,37.6812816143,0
          108.7683435255,37.6871726660,0
          108.9657217203,37.9487285688,0
          109.0466526254,38.0672343319,0
          109.0308321961,38.1216646976,0
          108.9311332173,38.1829563329,0
          108.9062588957,38.2459506885,0
          108.9385372732,38.3416169720,0
          109.0197402467,38.4684147808,0
          109.6429651155,38.9778418674,0
          109.9583618025,39.2152208270,0
          110.1188194095,39.4534025151,0
          110.1980496211,39.4628723580,0
          110.4089666049,39.3809153645,0
          110.5889413974,39.2845657357,0
          110.6685329576,39.2666586060,0
          110.6813096666,39.2704418033,0
          110.7040033103,39.2929199872,0
          110.7773987327,39.4011580460,0
          110.8704316117,39.4964861519,0
          111.0138152858,39.5735373720,0
          111.1237354911,39.5826077769,0
          111.1483536556,39.5688546437,0
          111.0705401589,39.4410267159,0
          111.0619068061,39.4133520743,0
          111.0717720053,39.3944185445,0
          111.1132082981,39.3825189842,0
        </coordinates>
      </LineString>
    </Placemark>
    <Placemark>
      <description>Unknown Line Type</description>
      <styleUrl>#line1</styleUrl>
      <LineString>
        <coordinates>
          116.7899699880,39.5999480067,0
          116.8611294692,39.3464426842,0
          116.9164965508,39.1099522858,0
          116.8694489709,39.0788170924,0
          116.7933077764,39.0650389421,0
          116.7511635168,39.0498053587,0
          116.7315218299,39.0355926067,0
          116.7313214425,39.0341265078,0
          116.7183591154,38.9392096172,0
          116.7188073865,38.8238694765,0
          116.7462809225,38.7809419347,0
          116.8399192659,38.6996500945,0
          117.0842886569,38.6212171009,0
          117.2475287965,38.5696781230,0
          117.2686970953,38.5654656126,0
          117.5574648725,38.6092336048,0
        </coordinates>
      </LineString>
    </Placemark>
    <Placemark>
      <description>Unknown Line Type</description>
      <styleUrl>#line1</styleUrl>
      <LineString>
        <coordinates>
          116.7899699880,39.5999480067,0
          116.9349098320,39.6421672807,0
        </coordinates>
      </LineString>
    </Placemark>
    <Placemark>
      <description>Unknown Line Type</description>
      <styleUrl>#line1</styleUrl>
      <LineString>
        <coordinates>
          117.2059549644,40.0705387292,0
          117.1995867785,39.8343369872,0
          117.1708492092,39.6127635451,0
          117.1490014088,39.6055102391,0
          116.9951213447,39.6085293254,0
          116.9349098320,39.6421672807,0
        </coordinates>
      </LineString>
    </Placemark>
    <Placemark>
      <description>Unknown Line Type</description>
      <styleUrl>#line1</styleUrl>
      <LineString>
        <coordinates>
          116.9349098320,39.6421672807,0
          116.9236577834,39.6952141573,0
          116.7776688262,39.8980050139,0
          116.7599163178,40.0014602678,0
          116.7861641081,40.0223293336,0
          116.8417349973,40.0664576270,0
          116.9709400048,40.0534136037,0
          117.2029559916,40.0978415369,0
        </coordinates>
      </LineString>
    </Placemark>
    <Placemark>
      <description>Unknown Line Type</description>
      <styleUrl>#line1</styleUrl>
      <LineString>
        <coordinates>
          117.2029559916,40.0978415369,0
          117.2059549644,40.0705387292,0
        </coordinates>
      </LineString>
    </Placemark>
    <Placemark>
      <description>Unknown Line Type</description>
      <styleUrl>#line1</styleUrl>
      <LineString>
        <coordinates>
          117.2029559916,40.0978415369,0
          117.3436809341,40.2105332383,0
        </coordinates>
      </LineString>
    </Placemark>
    <Placemark>
      <description>Unknown Line Type</description>
      <styleUrl>#line1</styleUrl>
      <LineString>
        <coordinates>
          117.5243077705,40.2219027034,0
          117.3436809341,40.2105332383,0
        </coordinates>
      </LineString>
    </Placemark>
    <Placemark>
      <description>Unknown Line Type</description>
      <styleUrl>#line1</styleUrl>
      <LineString>
        <coordinates>
          118.0309405008,39.2359351095,0
          117.9954371109,39.3358187777,0
          117.8684995017,39.4294721433,0
          117.6232097133,39.6138418708,0
          117.5540633590,39.7644898464,0
          117.5182565587,39.8916203187,0
          117.5199235169,39.9559530645,0
          117.5398220345,39.9878367288,0
          117.5751417798,39.9847807314,0
          117.6296571869,39.9692283764,0
          117.7738805221,39.9602276805,0
          117.8070456308,39.9868302354,0
          117.8018115077,39.9955159022,0
          117.7977036050,40.0023311353,0
          117.7489308608,40.0651209930,0
          117.5243077705,40.2219027034,0
        </coordinates>
      </LineString>
    </Placemark>
    <Placemark>
      <description>Unknown Line Type</description>
      <styleUrl>#line1</styleUrl>
      <LineString>
        <coordinates>
          113.7470320740,36.3346978075,0
          113.7527926872,36.3499633800,0
          113.7432968158,36.3990621064,0
          113.5595398693,36.6312918881,0
          113.5722167513,36.7334484620,0
          113.8056183240,37.1520479377,0
          113.9386584812,37.3311028979,0
          113.9531378775,37.3486927337,0
          113.9683435802,37.3671543261,0
          114.0420989968,37.4565506693,0
          114.0421913768,37.4566623683,0
          114.0452415915,37.4603540105,0
          114.1770516293,37.6422693559,0
          114.1649900136,37.7036619925,0
          113.8554236651,38.1630130735,0
          113.8361000129,38.1697802161,0
          113.7639877686,38.1949981202,0
          113.6853865752,38.2114838055,0
          113.5783638024,38.2919037743,0
          113.5508636669,38.4228280461,0
          113.5551341464,38.5262884123,0
          113.5560937730,38.5494963236,0
          113.5939096105,38.6418185990,0
          113.7503684519,38.9991959422,0
          113.7531578293,39.0002154825,0
          113.9872409569,39.0854714078,0
          114.0569627744,39.1107479001,0
          114.0713623049,39.1079188927,0
          114.1183835333,39.0513416311,0
          114.2223746520,39.0468219610,0
          114.3511775253,39.1092874270,0
          114.4437244699,39.1811999526,0
          114.5178970956,39.4787899152,0
          114.5371940284,39.5733591350,0
          114.3841983139,39.8376334863,0
          114.3736877319,39.8513164366,0
          114.3066731222,39.8545111693,0
          114.2343351277,39.8384328836,0
          114.2133765765,39.8416400727,0
          113.9106366291,40.0080191571,0
          113.9113590338,40.0216462088,0
          113.9770815030,40.0822158385,0
          114.1349725433,40.1816744662,0
          114.3066089291,40.2427340595,0
          114.3307165399,40.3494247611,0
          114.2737073586,40.4612752534,0
        </coordinates>
      </LineString>
    </Placemark>
    <Placemark>
      <description>Unknown Line Type</description>
      <styleUrl>#line1</styleUrl>
      <LineString>
        <coordinates>
          111.1132082981,39.3825189842,0
          111.2928562566,39.4264530961,0
          111.3374056877,39.4423400698,0
          111.4270826492,39.5787540493,0
          111.7525088240,39.5854530709,0
          111.7872471205,39.5920028175,0
          111.8284675206,39.6163802775,0
          111.8770097598,39.6601636206,0
          111.8962488294,39.7214108123,0
          111.9187370004,39.7605222812,0
          112.0701585251,39.9841735343,0
          112.0702952897,39.9843748056,0
          112.2148638837,40.1965265243,0
          112.2511699707,40.2423254603,0
          112.2766680447,40.2565376559,0
          112.3014879379,40.2633362851,0
          112.3432679995,40.2747675261,0
          113.0043035185,40.3410858360,0
          113.1694422154,40.3893732354,0
          113.2357494636,40.3999877330,0
          113.2894950086,40.3521918223,0
          113.3397603731,40.3203165768,0
          113.3849288443,40.3110618475,0
          113.4119292475,40.3122069355,0
          113.8638860015,40.4597382319,0
          113.9756501093,40.5053449030,0
          114.0073929092,40.5556622141,0
          114.0191179853,40.6726156655,0
          114.0331207223,40.7119378700,0
          114.0621203293,40.7315155882,0
          114.1105307810,40.7429537508,0
        </coordinates>
      </LineString>
    </Placemark>
    <Placemark>
      <description>Unknown Line Type</description>
      <styleUrl>#line1</styleUrl>
      <LineString>
        <coordinates>
          114.2737073586,40.4612752534,0
          114.1105307810,40.7429537508,0
        </coordinates>
      </LineString>
    </Placemark>
    <Placemark>
      <description>Unknown Line Type</description>
      <styleUrl>#line1</styleUrl>
      <LineString>
        <coordinates>
          117.3436809341,40.2105332383,0
          117.2573721934,40.3109878422,0
          117.2223070202,40.3685974913,0
          117.1712268119,40.4895350106,0
          117.2286892047,40.5492743930,0
          116.9727371764,40.7052634194,0
          116.6633433317,40.9590000942,0
          116.6631803339,41.0327008361,0
        </coordinates>
      </LineString>
    </Placemark>
    <Placemark>
      <description>Unknown Line Type</description>
      <styleUrl>#line1</styleUrl>
      <LineString>
        <coordinates>
          116.6631803339,41.0327008361,0
          116.6611087717,41.0364416027,0
          116.6479657084,41.0601663467,0
          116.6229102001,41.0630613151,0
          116.6047451753,41.0578891003,0
          116.3210523567,40.9296396130,0
          116.3100503506,40.9219242149,0
          116.3239044010,40.8964421310,0
          116.4427768603,40.7917037408,0
          116.4437421866,40.7766284694,0
          116.4304241900,40.7601561512,0
          116.1925193877,40.7043646621,0
          115.8359604701,40.5969677461,0
          115.7691833052,40.5544801959,0
          115.7410251018,40.5224417003,0
          115.7315109135,40.5116090919,0
          115.7634159456,40.4570573948,0
          115.9162753662,40.3296646582,0
          115.9525888156,40.2712532736,0
          115.9580257483,40.2624992053,0
          115.8204745068,40.1481509824,0
          115.6186845927,40.1196845200,0
          115.5240418043,40.0777097141,0
          115.4547053703,40.0468865456,0
          115.4490659269,39.9961319237,0
          115.4422969929,39.7605335125,0
          115.5257141789,39.6440492455,0
          115.7180863238,39.5336842472,0
          115.7802652131,39.5057160039,0
          115.8447872892,39.5274600878,0
          115.8971008505,39.5890529431,0
          115.9790068790,39.5905551098,0
          116.2265788173,39.5694435706,0
          116.4201555280,39.5252446954,0
          116.6375623782,39.5984379849,0
          116.7899699880,39.5999480067,0
        </coordinates>
      </LineString>
    </Placemark>
    <Placemark>
      <description>Unknown Line Type</description>
      <styleUrl>#line1</styleUrl>
      <LineString>
        <coordinates>
          119.9017153609,40.0046420703,0
          119.7629335739,40.1364100776,0
          119.6345257627,40.3096848634,0
          119.6035463029,40.4344631731,0
          119.5630224619,40.5335238534,0
          119.5497233535,40.5462644894,0
          119.5298223745,40.5547039811,0
          119.3911753520,40.5508845732,0
          119.3272652205,40.5334982800,0
          119.2844577836,40.5334216363,0
          119.2494174293,40.5467601447,0
          118.9873999780,40.6962421318,0
          118.8419002338,40.7986051700,0
          118.8374705425,40.9048381208,0
          118.8433259873,40.9402008586,0
          118.8610091988,40.9494096500,0
          119.0310965196,41.0742925133,0
          119.1339951257,41.1541347329,0
          119.2153081286,41.2478189807,0
          119.2395839254,41.3166722453,0
        </coordinates>
      </LineString>
    </Placemark>
    <Placemark>
      <description>Unknown Line Type</description>
      <styleUrl>#line1</styleUrl>
      <LineString>
        <coordinates>
          118.1736217945,42.0323577342,0
          118.1936822564,42.0470266038,0
        </coordinates>
      </LineString>
    </Placemark>
    <Placemark>
      <description>Unknown Line Type</description>
      <styleUrl>#line1</styleUrl>
      <LineString>
        <coordinates>
          118.1936822564,42.0470266038,0
          118.2220241264,42.0870959708,0
        </coordinates>
      </LineString>
    </Placemark>
    <Placemark>
      <description>Unknown Line Type</description>
      <styleUrl>#line1</styleUrl>
      <LineString>
        <coordinates>
          118.1936822564,42.0470266038,0
          118.2220241264,42.0870959708,0
        </coordinates>
      </LineString>
    </Placemark>
    <Placemark>
      <description>Unknown Line Type</description>
      <styleUrl>#line1</styleUrl>
      <LineString>
        <coordinates>
          118.1936822564,42.0470266038,0
          118.2220241264,42.0870959708,0
        </coordinates>
      </LineString>
    </Placemark>
    <Placemark>
      <description>Unknown Line Type</description>
      <styleUrl>#line1</styleUrl>
      <LineString>
        <coordinates>
          118.1936822564,42.0470266038,0
          118.2220241264,42.0870959708,0
        </coordinates>
      </LineString>
    </Placemark>
    <Placemark>
      <description>Unknown Line Type</description>
      <styleUrl>#line1</styleUrl>
      <LineString>
        <coordinates>
          118.2220241264,42.0870959708,0
          118.2825453834,42.0941512900,0
        </coordinates>
      </LineString>
    </Placemark>
    <Placemark>
      <description>Unknown Line Type</description>
      <styleUrl>#line1</styleUrl>
      <LineString>
        <coordinates>
          118.2220241264,42.0870959708,0
          118.2825453834,42.0941512900,0
        </coordinates>
      </LineString>
    </Placemark>
    <Placemark>
      <description>Unknown Line Type</description>
      <styleUrl>#line1</styleUrl>
      <LineString>
        <coordinates>
          118.2825453834,42.0941512900,0
          118.3334601219,41.8934234242,0
          118.1353925887,41.8251521309,0
          118.1092913426,41.8046000352,0
          118.0925129279,41.7587007407,0
          118.1384319622,41.6632080985,0
          118.3338678676,41.3558887873,0
          118.3585115125,41.3213693752,0
          118.3701929764,41.3154497323,0
          119.1330546902,41.2998727785,0
          119.2235000928,41.3057476590,0
          119.2395839254,41.3166722453,0
        </coordinates>
      </LineString>
    </Placemark>
    <Placemark>
      <description>Unknown Line Type</description>
      <styleUrl>#line1</styleUrl>
      <LineString>
        <coordinates>
          117.9354303297,42.2487854981,0
          118.1736217945,42.0323577342,0
        </coordinates>
      </LineString>
    </Placemark>
    <Placemark>
      <description>Unknown Line Type</description>
      <styleUrl>#line1</styleUrl>
      <LineString>
        <coordinates>
          117.9354303297,42.2487854981,0
          118.1736217945,42.0323577342,0
        </coordinates>
      </LineString>
    </Placemark>
    <Placemark>
      <description>Unknown Line Type</description>
      <styleUrl>#line1</styleUrl>
      <LineString>
        <coordinates>
          118.0383988618,42.3016901164,0
          117.9354303297,42.2487854981,0
        </coordinates>
      </LineString>
    </Placemark>
    <Placemark>
      <description>Unknown Line Type</description>
      <styleUrl>#line1</styleUrl>
      <LineString>
        <coordinates>
          117.8128295803,42.5850381854,0
          118.0383988618,42.3016901164,0
        </coordinates>
      </LineString>
    </Placemark>
    <Placemark>
      <description>Unknown Line Type</description>
      <styleUrl>#line1</styleUrl>
      <LineString>
        <coordinates>
          114.1105307810,40.7429537508,0
          114.0461204399,40.8156803899,0
          113.9242253175,41.0324969806,0
          113.8908828938,41.1338851617,0
          113.8894307133,41.4521731852,0
          113.8985914903,41.4642947732,0
          114.2978874740,41.9405656336,0
          114.5268889855,42.1155669461,0
          114.5647268851,42.1341415668,0
          114.5939566946,42.1398143122,0
          114.8089920743,42.1612254717,0
          114.8252646509,42.1604581702,0
          114.8409714119,42.1597156882,0
          114.8490393507,42.1593335916,0
          114.8699032592,42.1503692506,0
          114.8711257306,42.1447484109,0
          114.8715019968,42.1430182017,0
          114.9373539408,41.8389936887,0
          114.9021206290,41.7031749072,0
          114.8806558056,41.6378308538,0
          114.8643173656,41.6141898525,0
          114.8687400493,41.5987662325,0
          115.1933231401,41.5815054210,0
          115.3615004185,41.5798489780,0
          115.3965596007,41.5929393578,0
          115.3479706067,41.6478325692,0
          115.3271655103,41.6965539479,0
          115.3325671773,41.7116142076,0
          115.6956800470,41.8966800798,0
          115.8314500164,41.9337200370,0
          115.8336065230,41.9343069478,0
          115.8976613834,41.9419974057,0
          116.2346888532,41.9389631908,0
          116.5791699435,41.9188382963,0
          116.7207804469,41.9397229898,0
          116.8208827121,41.9736414888,0
          116.8866379885,42.0174473880,0
          116.8985718051,42.0770072962,0
          116.9207359289,42.2465712384,0
          116.8933110742,42.3471725415,0
          116.8971877533,42.3915302095,0
          116.9455849651,42.4176771855,0
          117.0142222502,42.4546991641,0
          117.0648389314,42.4630070817,0
          117.4425129604,42.5154608349,0
          117.7797561593,42.5868000480,0
        </coordinates>
      </LineString>
    </Placemark>
    <Placemark>
      <description>Unknown Line Type</description>
      <styleUrl>#line1</styleUrl>
      <LineString>
        <coordinates>
          117.7797561593,42.5868000480,0
          117.8128295803,42.5850381854,0
        </coordinates>
      </LineString>
    </Placemark>
    <Placemark>
      <description>Unknown Line Type</description>
      <styleUrl>#line1</styleUrl>
      <LineString>
        <coordinates>
          118.0383988618,42.3016901164,0
          118.0383989181,42.3016901455,0
          118.0028872579,42.4117296455,0
          117.8128296345,42.5850382171,0
          117.7797562135,42.5868000797,0
        </coordinates>
      </LineString>
    </Placemark>
    <Placemark>
      <description>Unknown Line Type</description>
      <styleUrl>#line1</styleUrl>
      <LineString>
        <coordinates>
          92.3924411164,39.0562004204,0
          92.3605819976,39.1711995143,0
          92.5771843531,39.3828771602,0
          92.6077503980,39.4405459385,0
          92.6641925803,39.5944854542,0
          92.6978817682,39.7128164603,0
          92.7356347451,40.1124058276,0
          92.9014631280,40.5621442190,0
          93.4803936708,40.6348791898,0
          93.7321234482,40.6352940913,0
          93.7647167074,40.6433152422,0
          93.8091354635,40.7561116890,0
          93.8249715302,40.8642020099,0
          93.8575632820,40.9058092823,0
          93.9021616262,40.9626582004,0
          94.0046896080,41.0706292815,0
          94.2731893701,41.2908006938,0
          94.4688515386,41.4353553514,0
          94.8865123585,41.6553165106,0
          94.9473616290,41.6818779999,0
          95.1532042341,41.7425969357,0
          95.1923032590,41.7086664555,0
          95.2354411636,41.6134454638,0
          95.2870285099,41.5616199365,0
          95.5297407986,41.7642886318,0
          95.5622241278,41.7872581708,0
          95.6116465811,41.8221642879,0
          95.6832814026,41.8339990893,0
          95.8978736312,41.8515663826,0
          95.9832504061,41.8761464037,0
          96.0569470997,41.9060041693,0
          96.1093049536,41.9413663157,0
          96.1457830699,41.9792866630,0
          96.1589373904,42.0066877995,0
          96.2249912089,42.2066540405,0
          96.0553164140,42.3199259144,0
          95.9740104806,42.4326915075,0
          96.0512258427,42.5758402467,0
          96.3962330342,42.7218710666,0
        </coordinates>
      </LineString>
    </Placemark>
    <Placemark>
      <description>Unknown Line Type</description>
      <styleUrl>#line1</styleUrl>
      <LineString>
        <coordinates>
          97.1299505680,42.7905679767,0
          97.1433382049,42.7822414146,0
          97.6468736138,42.0009821575,0
          97.8504580643,41.7006661841,0
          97.5142262842,41.5010007296,0
          97.4977192086,41.4752618358,0
          97.5000533225,41.4363566346,0
          97.8877822328,41.1815047761,0
          98.1482670046,41.0419968694,0
          98.3345480266,40.9356334869,0
          98.3394206624,40.9242683792,0
          98.3495255829,40.9006883066,0
          98.3544728335,40.8410206132,0
          98.3770426816,40.5676161741,0
          98.3945063781,40.5638296004,0
          98.6369140540,40.6696409715,0
          98.6338516336,40.6873485340,0
          98.8336529839,40.7660986125,0
          99.0080047559,40.8169882783,0
          99.2081952600,40.8659668472,0
          99.6894806162,40.9379653484,0
          99.9633365277,40.9241136275,0
          100.0934800193,40.8850106213,0
          100.1552701221,40.8207930942,0
          100.2246058628,40.7316887361,0
          100.2428393043,40.6091962307,0
          100.0766542272,40.2658220726,0
          99.9145487352,40.0608552389,0
          99.4976070432,39.9067816022,0
          99.4851004431,39.8909415475,0
          99.4763132686,39.8798074131,0
          99.5212810630,39.8735748061,0
          99.6825683097,39.8829728017,0
          99.7846179698,39.8652424655,0
          100.2610675838,39.7025720648,0
          100.2972725664,39.6671371944,0
          100.3160183107,39.6329595947,0
          100.3065426689,39.5742564098,0
          100.3245287919,39.5455468865,0
          100.3790703131,39.5047760222,0
          100.5392673139,39.4091255794,0
          100.5913421583,39.4009359253,0
          100.8198130529,39.3979615497,0
          100.8410796530,39.3918645501,0
          100.8568390040,39.3710955736,0
          100.8258729352,39.0502453313,0
          100.8384992168,39.0098451941,0
          100.8495973940,39.0031898697,0
          101.3265639639,38.7714404992,0
          101.5840196823,38.6754668237,0
          101.7799643121,38.6596601615,0
          102.0562555963,38.8879680277,0
          102.0636427006,38.8984080041,0
          102.0564208965,38.9125131149,0
          101.9331890859,39.0101894940,0
          101.8308400388,39.0910366195,0
          101.8300413589,39.1005283583,0
          101.8541485501,39.1091195696,0
          102.4293222886,39.2502172952,0
          102.4723577924,39.2560448840,0
          102.5630234664,39.2134252274,0
          102.6883604316,39.1685858226,0
          103.0042834949,39.1095812139,0
          103.0399243950,39.1246509696,0
          103.1350362033,39.2167549209,0
          103.3157642441,39.3110918122,0
          103.4148331017,39.3545434276,0
          103.7243083365,39.4345797542,0
          103.9153427247,39.4652078087,0
          104.0877785282,39.4147754187,0
          104.2252018755,39.1020333528,0
          104.1736328124,38.9527612670,0
          103.8681622372,38.6561511608,0
          103.8083461793,38.6158592664,0
          103.4243477833,38.4179336988,0
          103.4202387193,38.3941040023,0
          103.3972764729,38.0671447870,0
          103.4393547424,37.8570744870,0
          103.9373347077,37.5650385196,0
          104.1908856635,37.4090906043,0
        </coordinates>
      </LineString>
    </Placemark>
    <Placemark>
      <description>Unknown Line Type</description>
      <styleUrl>#line1</styleUrl>
      <LineString>
        <coordinates>
          124.0325602463,43.2897515527,0
          124.1371468070,43.2750341341,0
          124.2724793527,43.2326461405,0
          124.3905009432,43.0928115488,0
          124.3790181888,43.0146647940,0
          124.3675659110,42.8881081076,0
          124.4506853207,42.8395100327,0
          124.4729553644,42.8396116254,0
          124.5835162188,42.9171705613,0
          124.7084718014,43.0509658134,0
          124.7787335142,43.1102178134,0
          124.8092730856,43.1187358337,0
          124.8668104209,43.1215652440,0
          124.8830517286,43.1223595933,0
          124.8891302217,43.1152233769,0
          124.8645136938,43.0098307440,0
          124.8446708428,42.8529051768,0
          124.8512606025,42.8123144070,0
          124.9876593863,42.6716084444,0
          125.1988291257,42.4167055372,0
          125.3108022187,42.1651362350,0
          125.3465268220,41.6869343595,0
          125.4395113447,41.5948712876,0
          125.6340963655,41.3691917361,0
          125.7317522636,41.2466020243,0
          125.7801625066,41.1705735872,0
          125.6860233088,41.0114440243,0
          125.7224296469,40.8629399281,0
        </coordinates>
      </LineString>
    </Placemark>
    <Placemark>
      <description>Unknown Line Type</description>
      <styleUrl>#line1</styleUrl>
      <LineString>
        <coordinates>
          119.2395839254,41.3166722453,0
          119.3003830057,41.3266305395,0
          119.3371286197,41.3504685689,0
          119.3865883252,41.4396458606,0
          119.4063569499,41.5797780327,0
          119.3457407878,41.9988090608,0
          119.2569819626,42.2005883315,0
          119.2613301417,42.2185965426,0
          119.2637450397,42.2285939577,0
          119.2847215559,42.2633552309,0
          119.3774780221,42.3107751856,0
          119.4446737576,42.3324653379,0
          119.5267118584,42.3182970119,0
          119.7937916603,42.1150278980,0
          119.9149627410,41.9701810257,0
          120.0182370342,41.8117349614,0
          120.1220678758,41.7993266597,0
          120.2330848081,41.9248832923,0
          120.2432732366,41.9363808759,0
          120.4747225085,42.1340530641,0
          120.6745634495,42.2245381833,0
          120.7872141806,42.2590107688,0
          121.2190155748,42.3910373470,0
          121.5829468141,42.4947419366,0
          121.9299068438,42.6840305100,0
          121.9952248297,42.7336792487,0
          122.6017421211,42.7781863737,0
          122.8463652580,42.7268694148,0
          123.2098020961,42.8243658285,0
          123.2182105492,42.8500286212,0
          123.1567564368,42.8779405352,0
          123.1578891725,42.8992090022,0
          123.1853775117,42.9402415427,0
          123.2728343990,42.9935306689,0
          123.4725633811,43.0421601085,0
          123.5748262373,42.9983500284,0
          123.6384135444,43.1217956693,0
          123.6981433580,43.3125456120,0
          123.6838487122,43.3499453208,0
        </coordinates>
      </LineString>
    </Placemark>
    <Placemark>
      <description>Unknown Line Type</description>
      <styleUrl>#line1</styleUrl>
      <LineString>
        <coordinates>
          123.6838487122,43.3499453208,0
          123.7503199665,43.4816156150,0
          123.7540165202,43.4814473913,0
          123.7610872220,43.4811251597,0
          123.8785452750,43.4511121508,0
          123.8637207451,43.4126625720,0
          123.8775085978,43.3891759216,0
          123.9119289632,43.3607325995,0
          124.0325602463,43.2897515527,0
        </coordinates>
      </LineString>
    </Placemark>
    <Placemark>
      <description>Unknown Line Type</description>
      <styleUrl>#line1</styleUrl>
      <LineString>
        <coordinates>
          123.6838487122,43.3499453208,0
          123.6219711793,43.3442306621,0
          123.5953902966,43.3474907073,0
          123.3981635468,43.4074020282,0
          123.3192694482,43.4809555268,0
          123.3195061416,43.5244994177,0
          123.3305080531,43.5486004681,0
          123.3883566813,43.5344383269,0
          123.4218297481,43.5397905927,0
          123.5111416057,43.5834330644,0
          123.5316560627,43.6482196306,0
          123.4991948618,43.7192664318,0
          123.4150715686,43.8951125067,0
          123.2418185831,44.2222929904,0
          123.1188445201,44.4481271409,0
          122.9204337678,44.4352923414,0
          122.7118375852,44.3210413183,0
          122.4353190221,44.2278803870,0
          122.2914940547,44.2328404491,0
          122.2634269931,44.2411042858,0
          122.2437145523,44.2553667833,0
          122.0893875227,44.5918420800,0
          122.0564816409,44.7225071781,0
          122.0488455513,44.8049157274,0
          122.0596179701,45.0166607415,0
          122.0959637523,45.0705965003,0
          122.1377487198,45.1034107422,0
          122.1741534520,45.1521487977,0
          122.2024724764,45.2264464667,0
          122.2017284325,45.2568465128,0
          122.1301787793,45.3703434271,0
          121.9516973228,45.6100978796,0
          121.8029727500,45.6917096301,0
          121.7212236896,45.7852127214,0
          121.7591748113,46.0015645014,0
          121.7787850766,46.0144714068,0
          121.8098497707,46.0215013178,0
          121.8179814304,46.0191983571,0
          122.0336477147,45.9579021152,0
          122.3574900557,45.8610842524,0
          122.5061841492,45.8164191858,0
          122.5177566116,45.7983521989,0
          122.5524678475,45.7734364456,0
          122.6619841357,45.7015940649,0
          122.7078875957,45.6932061223,0
          122.7892056629,45.7705857931,0
          123.0782111870,46.1233498307,0
          123.1201364079,46.1834171887,0
          123.1534917411,46.2635684869,0
        </coordinates>
      </LineString>
    </Placemark>
    <Placemark>
      <description>Unknown Line Type</description>
      <styleUrl>#line1</styleUrl>
      <LineString>
        <coordinates>
          123.8730017889,46.2944170761,0
          123.8216797379,46.2842536345,0
          123.5620321268,46.2371539045,0
          123.3944802577,46.2199308939,0
          123.3724428224,46.2223375258,0
          123.1534917411,46.2635684869,0
        </coordinates>
      </LineString>
    </Placemark>
    <Placemark>
      <description>Unknown Line Type</description>
      <styleUrl>#line1</styleUrl>
      <LineString>
        <coordinates>
          131.2860097625,43.4820802489,0
          131.2038884190,43.4752156607,0
          131.0042506766,43.5089951761,0
          130.7985681229,43.5475876532,0
          130.4724020322,43.6460711546,0
          130.3958020729,43.7645699046,0
          130.3616362626,43.9479834709,0
          130.2549062779,43.9777605205,0
          129.8002215768,43.9193800921,0
          129.4834937732,43.8719509369,0
          129.2319526829,43.7755857313,0
          129.2232950236,43.7397711808,0
          129.2312998083,43.6175451083,0
          129.1975758115,43.5790640902,0
          129.0383569033,43.5324908828,0
          128.8679506328,43.5558767901,0
          128.8415508212,43.5765163205,0
          128.4794134318,44.1109468930,0
          128.4547831116,44.2494684599,0
          128.4597082280,44.3706720856,0
          128.3883951253,44.4791831918,0
          128.3097326537,44.5038192861,0
          128.1230835922,44.3542368426,0
          128.0866673357,44.2228264935,0
          128.0730019634,44.1235392329,0
          127.9070710042,44.0656982306,0
          127.8765373458,44.0607333225,0
          127.7534968081,44.0834679849,0
          127.7136922887,44.0965194442,0
          127.6056457846,44.1852349416,0
          127.4650719773,44.4080683176,0
          127.4051085479,44.5332830124,0
          127.4170712570,44.5419818263,0
          127.5406264409,44.5661086020,0
          127.3931386605,44.6533636918,0
          127.1429177246,44.6652578962,0
          127.0795050247,44.5828597319,0
          127.0533813536,44.5795900836,0
          127.0236599014,44.5885028342,0
          127.0031847885,44.6132452715,0
          126.9931794649,44.7974399397,0
          127.0273130291,44.9073283847,0
          127.0843179715,44.9152539931,0
          127.0565512074,44.9690597466,0
          126.9572061841,45.1383189502,0
          126.6110585728,45.2254409313,0
          126.5508474491,45.2375147391,0
          126.5464676263,45.2371375395,0
          126.4168416290,45.2259095424,0
          126.2181405566,45.1406487827,0
          126.1482301722,45.1374339339,0
          126.0603805324,45.1527661702,0
          125.8376077954,45.2326585922,0
          125.7304577620,45.2994507793,0
          125.7096168370,45.3233953888,0
          125.6938225178,45.3754578957,0
          125.7235410318,45.4870152141,0
          125.3486650032,45.3988217236,0
          125.0772961921,45.3899533026,0
          124.8950272372,45.5175058723,0
          124.7707213831,45.4735842862,0
          124.5405986012,45.4220410401,0
          124.4100613590,45.4543677878,0
          124.3903093356,45.4663038183,0
          124.0091747627,45.7793262209,0
          124.0536711947,45.8969886766,0
          124.0024432764,46.2504110864,0
          123.8730017889,46.2944170761,0
        </coordinates>
      </LineString>
    </Placemark>
    <Placemark>
      <description>Unknown Line Type</description>
      <styleUrl>#line1</styleUrl>
      <LineString>
        <coordinates>
          123.1534917411,46.2635684869,0
          123.0022355572,46.4423134722,0
          123.0045292376,46.5764936780,0
          123.0631742314,46.6138760498,0
          123.2882229726,46.6680144271,0
          123.5480627090,46.6780410648,0
          123.5840149907,46.6962608384,0
          123.6768809688,46.8321273445,0
          123.5413228475,46.9528854822,0
          123.3005111865,46.9957306067,0
          123.3087402465,46.9584508202,0
          123.2825138304,46.8614307286,0
          123.1472679230,46.7492579460,0
          123.0718306926,46.7151018768,0
          123.0240270583,46.7130825846,0
          122.9980576460,46.7194246154,0
          122.8959783846,46.7715144396,0
          122.3928379022,47.3418941549,0
          122.5719042573,47.5215361229,0
          122.6207428508,47.5695505240,0
          122.9391773596,47.6980594057,0
          123.1638678084,47.7845750183,0
          123.5258523801,48.0088649126,0
          123.6429591693,48.0943038083,0
          123.7372359332,48.2027773440,0
          123.8991309366,48.3226133531,0
          124.1786886538,48.4923230265,0
          124.2573289919,48.5251587279,0
          124.2645114389,48.5263607179,0
          124.3238524972,48.4736592836,0
          124.3521003876,48.3549115364,0
          124.4755262962,48.1351282112,0
          124.4955028035,48.1540025059,0
          124.5297044719,48.1986362531,0
          124.5598415717,48.2717751794,0
          124.5570727892,48.3000822991,0
          124.5140205737,48.3987953925,0
          124.5441028137,48.5520405204,0
          124.6425163548,48.7785433664,0
          124.8184829494,49.1175646868,0
          124.8744584052,49.1667170319,0
          124.9115983319,49.1767560523,0
          125.0131057009,49.1628752459,0
          125.0804984662,49.1255296899,0
          125.1350249774,49.1278420194,0
          125.2281313984,49.2589740793,0
          125.2577182809,49.3961688004,0
          125.2172171618,49.6732119888,0
          125.1950011935,49.9530048668,0
          125.5527328368,50.4322799768,0
          125.5818004091,50.4569902003,0
          125.7975276924,50.6448960549,0
          126.0146442201,50.8987788011,0
          126.0518636427,50.9511039064,0
          126.0584130811,50.9793123419,0
          125.9788588565,51.1224702558,0
          125.8744841740,51.2050063739,0
          125.3302283677,51.6231511654,0
          125.1343407434,51.6836485928,0
          125.1040976695,51.6823267220,0
          125.0785817920,51.6699580971,0
          125.0498871336,51.5513276877,0
          124.8702616410,51.4005200152,0
          124.6859697670,51.3338776634,0
          124.6425055725,51.3250835207,0
          124.0350011455,51.2686669474,0
          123.9125997135,51.2891384170,0
          123.8591079129,51.3120102876,0
          123.6292841929,51.3058593615,0
          123.3520327713,51.1803802091,0
          123.3318681313,51.1823165594,0
          123.0151971232,51.3096428778,0
          122.9861424730,51.3215764820,0
          122.9642217672,51.3399867826,0
          122.9122388754,51.4128369292,0
          122.8972507741,51.4593614456,0
          122.9070982317,51.4767454466,0
          122.9307089456,51.5183933197,0
          122.9323446426,51.5448079214,0
          122.6088355221,52.1601535054,0
          122.3374004861,52.4454165458,0
          122.1574611311,52.5082585281,0
          122.1178780179,52.4729136837,0
          121.9468280440,52.2663686014,0
          121.8427005422,52.2574004709,0
          121.7252691151,52.2971579134,0
          121.1830978188,52.5333192836,0
          121.1798414718,52.5561820704,0
          121.4254333401,52.7492457366,0
          121.7994636249,53.0268547900,0
          121.7649870133,53.1545985683,0
          121.7441812763,53.1641343267,0
          121.6013648880,53.1937373476,0
        </coordinates>
      </LineString>
    </Placemark>
    <Placemark>
      <description>Unknown Line Type</description>
      <styleUrl>#line1</styleUrl>
      <LineString>
        <coordinates>
          121.6013648880,53.1937373476,0
          121.4743187520,53.3268401719,0
        </coordinates>
      </LineString>
    </Placemark>
  </Folder>
</Document>
</kml>
